ISO-10303-21;
HEADER;
/* Generated by software containing ST-Developer
 * from STEP Tools, Inc. (www.steptools.com) 
 */
/* OPTION: using custom renumber hook */

FILE_DESCRIPTION(
/* description */ ('STEP AP242 Edition 2',
'CAx-IF Rec.Pracs.---Representation and Presentation of Product Manufa
cturing Information (PMI)---4.0---2014-10-13',
'CAx-IF Rec.Pracs.---3D Tessellated Geometry---0.4---2014-09-14','2;1',
'CAx-IF Rec.Pracs.---User Defined Attributes---1.5---2016-08-15'),
/* implementation_level */ '2;1');

FILE_NAME(
/* name */ '6998ab60f32c22c8f9d70b18',
/* time_stamp */ '2026-02-20T18:43:45Z',
/* author */ (''),
/* organization */ (''),
/* preprocessor_version */ 'ST-DEVELOPER v20',
/* originating_system */ 'ONSHAPE BY PTC INC, 1.210',
/* authorisation */ '  ');

FILE_SCHEMA (('AP242_MANAGED_MODEL_BASED_3D_ENGINEERING_MIM_LF { 1 0 10303 442 3 1 4 }'));
ENDSEC;

DATA;
#10=LINE('',#3092,#274);
#11=LINE('',#3095,#275);
#12=LINE('',#3097,#276);
#13=LINE('',#3099,#277);
#14=LINE('',#3101,#278);
#15=LINE('',#3104,#279);
#16=LINE('',#3106,#280);
#17=LINE('',#3108,#281);
#18=LINE('',#3110,#282);
#19=LINE('',#3111,#283);
#20=LINE('',#3113,#284);
#21=LINE('',#3114,#285);
#22=LINE('',#3120,#286);
#23=LINE('',#3123,#287);
#24=LINE('',#3125,#288);
#25=LINE('',#3127,#289);
#26=LINE('',#3129,#290);
#27=LINE('',#3131,#291);
#28=LINE('',#3133,#292);
#29=LINE('',#3135,#293);
#30=LINE('',#3137,#294);
#31=LINE('',#3139,#295);
#32=LINE('',#3141,#296);
#33=LINE('',#3142,#297);
#34=LINE('',#3172,#298);
#35=LINE('',#3175,#299);
#36=LINE('',#3177,#300);
#37=LINE('',#3179,#301);
#38=LINE('',#3183,#302);
#39=LINE('',#3186,#303);
#40=LINE('',#3188,#304);
#41=LINE('',#3190,#305);
#42=LINE('',#3192,#306);
#43=LINE('',#3194,#307);
#44=LINE('',#3196,#308);
#45=LINE('',#3199,#309);
#46=LINE('',#3201,#310);
#47=LINE('',#3203,#311);
#48=LINE('',#3204,#312);
#49=LINE('',#3207,#313);
#50=LINE('',#3209,#314);
#51=LINE('',#3211,#315);
#52=LINE('',#3213,#316);
#53=LINE('',#3215,#317);
#54=LINE('',#3217,#318);
#55=LINE('',#3219,#319);
#56=LINE('',#3221,#320);
#57=LINE('',#3222,#321);
#58=LINE('',#3224,#322);
#59=LINE('',#3226,#323);
#60=LINE('',#3228,#324);
#61=LINE('',#3230,#325);
#62=LINE('',#3232,#326);
#63=LINE('',#3234,#327);
#64=LINE('',#3236,#328);
#65=LINE('',#3238,#329);
#66=LINE('',#3240,#330);
#67=LINE('',#3243,#331);
#68=LINE('',#3244,#332);
#69=LINE('',#3245,#333);
#70=LINE('',#3247,#334);
#71=LINE('',#3249,#335);
#72=LINE('',#3251,#336);
#73=LINE('',#3254,#337);
#74=LINE('',#3255,#338);
#75=LINE('',#3257,#339);
#76=LINE('',#3259,#340);
#77=LINE('',#3261,#341);
#78=LINE('',#3263,#342);
#79=LINE('',#3265,#343);
#80=LINE('',#3267,#344);
#81=LINE('',#3269,#345);
#82=LINE('',#3271,#346);
#83=LINE('',#3273,#347);
#84=LINE('',#3275,#348);
#85=LINE('',#3276,#349);
#86=LINE('',#3279,#350);
#87=LINE('',#3281,#351);
#88=LINE('',#3283,#352);
#89=LINE('',#3285,#353);
#90=LINE('',#3287,#354);
#91=LINE('',#3289,#355);
#92=LINE('',#3291,#356);
#93=LINE('',#3293,#357);
#94=LINE('',#3295,#358);
#95=LINE('',#3297,#359);
#96=LINE('',#3299,#360);
#97=LINE('',#3301,#361);
#98=LINE('',#3303,#362);
#99=LINE('',#3305,#363);
#100=LINE('',#3307,#364);
#101=LINE('',#3309,#365);
#102=LINE('',#3311,#366);
#103=LINE('',#3312,#367);
#104=LINE('',#3313,#368);
#105=LINE('',#3315,#369);
#106=LINE('',#3317,#370);
#107=LINE('',#3318,#371);
#108=LINE('',#3320,#372);
#109=LINE('',#3321,#373);
#110=LINE('',#3323,#374);
#111=LINE('',#3325,#375);
#112=LINE('',#3328,#376);
#113=LINE('',#3330,#377);
#114=LINE('',#3331,#378);
#115=LINE('',#3333,#379);
#116=LINE('',#3335,#380);
#117=LINE('',#3337,#381);
#118=LINE('',#3339,#382);
#119=LINE('',#3341,#383);
#120=LINE('',#3345,#384);
#121=LINE('',#3347,#385);
#122=LINE('',#3348,#386);
#123=LINE('',#3350,#387);
#124=LINE('',#3352,#388);
#125=LINE('',#3358,#389);
#126=LINE('',#3360,#390);
#127=LINE('',#3361,#391);
#128=LINE('',#3363,#392);
#129=LINE('',#3365,#393);
#130=LINE('',#3371,#394);
#131=LINE('',#3373,#395);
#132=LINE('',#3375,#396);
#133=LINE('',#3377,#397);
#134=LINE('',#3379,#398);
#135=LINE('',#3382,#399);
#136=LINE('',#3404,#400);
#137=LINE('',#3407,#401);
#138=LINE('',#3409,#402);
#139=LINE('',#3411,#403);
#140=LINE('',#3413,#404);
#141=LINE('',#3416,#405);
#142=LINE('',#3418,#406);
#143=LINE('',#3420,#407);
#144=LINE('',#3422,#408);
#145=LINE('',#3425,#409);
#146=LINE('',#3427,#410);
#147=LINE('',#3429,#411);
#148=LINE('',#3431,#412);
#149=LINE('',#3434,#413);
#150=LINE('',#3436,#414);
#151=LINE('',#3438,#415);
#152=LINE('',#3440,#416);
#153=LINE('',#3441,#417);
#154=LINE('',#3443,#418);
#155=LINE('',#3445,#419);
#156=LINE('',#3446,#420);
#157=LINE('',#3447,#421);
#158=LINE('',#3449,#422);
#159=LINE('',#3451,#423);
#160=LINE('',#3453,#424);
#161=LINE('',#3454,#425);
#162=LINE('',#3456,#426);
#163=LINE('',#3458,#427);
#164=LINE('',#3459,#428);
#165=LINE('',#3460,#429);
#166=LINE('',#3462,#430);
#167=LINE('',#3464,#431);
#168=LINE('',#3468,#432);
#169=LINE('',#3470,#433);
#170=LINE('',#3473,#434);
#171=LINE('',#3475,#435);
#172=LINE('',#3480,#436);
#173=LINE('',#3483,#437);
#174=LINE('',#3485,#438);
#175=LINE('',#3487,#439);
#176=LINE('',#3489,#440);
#177=LINE('',#3491,#441);
#178=LINE('',#3493,#442);
#179=LINE('',#3495,#443);
#180=LINE('',#3499,#444);
#181=LINE('',#3501,#445);
#182=LINE('',#3503,#446);
#183=LINE('',#3505,#447);
#184=LINE('',#3507,#448);
#185=LINE('',#3509,#449);
#186=LINE('',#3512,#450);
#187=LINE('',#3514,#451);
#188=LINE('',#3516,#452);
#189=LINE('',#3518,#453);
#190=LINE('',#3521,#454);
#191=LINE('',#3523,#455);
#192=LINE('',#3525,#456);
#193=LINE('',#3527,#457);
#194=LINE('',#3529,#458);
#195=LINE('',#3531,#459);
#196=LINE('',#3533,#460);
#197=LINE('',#3535,#461);
#198=LINE('',#3537,#462);
#199=LINE('',#3539,#463);
#200=LINE('',#3541,#464);
#201=LINE('',#3543,#465);
#202=LINE('',#3545,#466);
#203=LINE('',#3547,#467);
#204=LINE('',#3549,#468);
#205=LINE('',#3552,#469);
#206=LINE('',#3554,#470);
#207=LINE('',#3556,#471);
#208=LINE('',#3558,#472);
#209=LINE('',#3560,#473);
#210=LINE('',#3562,#474);
#211=LINE('',#3564,#475);
#212=LINE('',#3566,#476);
#213=LINE('',#3569,#477);
#214=LINE('',#3571,#478);
#215=LINE('',#3573,#479);
#216=LINE('',#3575,#480);
#217=LINE('',#3577,#481);
#218=LINE('',#3579,#482);
#219=LINE('',#3580,#483);
#220=LINE('',#3582,#484);
#221=LINE('',#3583,#485);
#222=LINE('',#3585,#486);
#223=LINE('',#3586,#487);
#224=LINE('',#3588,#488);
#225=LINE('',#3589,#489);
#226=LINE('',#3591,#490);
#227=LINE('',#3593,#491);
#228=LINE('',#3595,#492);
#229=LINE('',#3597,#493);
#230=LINE('',#3598,#494);
#231=LINE('',#3601,#495);
#232=LINE('',#3602,#496);
#233=LINE('',#3604,#497);
#234=LINE('',#3606,#498);
#235=LINE('',#3608,#499);
#236=LINE('',#3610,#500);
#237=LINE('',#3612,#501);
#238=LINE('',#3614,#502);
#239=LINE('',#3616,#503);
#240=LINE('',#3618,#504);
#241=LINE('',#3620,#505);
#242=LINE('',#3621,#506);
#243=LINE('',#3623,#507);
#244=LINE('',#3624,#508);
#245=LINE('',#3626,#509);
#246=LINE('',#3628,#510);
#247=LINE('',#3631,#511);
#248=LINE('',#3633,#512);
#249=LINE('',#3634,#513);
#250=LINE('',#3636,#514);
#251=LINE('',#3638,#515);
#252=LINE('',#3641,#516);
#253=LINE('',#3643,#517);
#254=LINE('',#3644,#518);
#255=LINE('',#3648,#519);
#256=LINE('',#3650,#520);
#257=LINE('',#3651,#521);
#258=LINE('',#3655,#522);
#259=LINE('',#3657,#523);
#260=LINE('',#3658,#524);
#261=LINE('',#3662,#525);
#262=LINE('',#3664,#526);
#263=LINE('',#3665,#527);
#264=LINE('',#3667,#528);
#265=LINE('',#3669,#529);
#266=LINE('',#3671,#530);
#267=LINE('',#3673,#531);
#268=LINE('',#3679,#532);
#269=LINE('',#3682,#533);
#270=LINE('',#3685,#534);
#271=LINE('',#3687,#535);
#272=LINE('',#3689,#536);
#273=LINE('',#3691,#537);
#274=VECTOR('',#2510,1.);
#275=VECTOR('',#2511,1.);
#276=VECTOR('',#2512,1.);
#277=VECTOR('',#2513,1.);
#278=VECTOR('',#2516,1.);
#279=VECTOR('',#2517,1.);
#280=VECTOR('',#2518,1.);
#281=VECTOR('',#2519,1.);
#282=VECTOR('',#2522,1.);
#283=VECTOR('',#2523,1.);
#284=VECTOR('',#2526,1.);
#285=VECTOR('',#2527,1.);
#286=VECTOR('',#2538,1.);
#287=VECTOR('',#2539,1.);
#288=VECTOR('',#2540,1.);
#289=VECTOR('',#2541,1.);
#290=VECTOR('',#2544,1.);
#291=VECTOR('',#2545,1.);
#292=VECTOR('',#2546,1.);
#293=VECTOR('',#2549,1.);
#294=VECTOR('',#2550,1.);
#295=VECTOR('',#2551,1.);
#296=VECTOR('',#2554,1.);
#297=VECTOR('',#2555,1.);
#298=VECTOR('',#2594,1.);
#299=VECTOR('',#2595,1.);
#300=VECTOR('',#2596,1.);
#301=VECTOR('',#2597,1.);
#302=VECTOR('',#2602,1.);
#303=VECTOR('',#2603,1.);
#304=VECTOR('',#2604,1.);
#305=VECTOR('',#2605,1.);
#306=VECTOR('',#2606,1.);
#307=VECTOR('',#2607,1.);
#308=VECTOR('',#2610,1.);
#309=VECTOR('',#2611,1.);
#310=VECTOR('',#2612,1.);
#311=VECTOR('',#2613,1.);
#312=VECTOR('',#2614,1.);
#313=VECTOR('',#2615,1.);
#314=VECTOR('',#2616,1.);
#315=VECTOR('',#2617,1.);
#316=VECTOR('',#2618,1.);
#317=VECTOR('',#2619,1.);
#318=VECTOR('',#2620,1.);
#319=VECTOR('',#2621,1.);
#320=VECTOR('',#2622,1.);
#321=VECTOR('',#2623,1.);
#322=VECTOR('',#2624,1.);
#323=VECTOR('',#2627,1.);
#324=VECTOR('',#2628,1.);
#325=VECTOR('',#2629,1.);
#326=VECTOR('',#2630,1.);
#327=VECTOR('',#2631,1.);
#328=VECTOR('',#2632,1.);
#329=VECTOR('',#2633,1.);
#330=VECTOR('',#2636,1.);
#331=VECTOR('',#2637,1.);
#332=VECTOR('',#2638,1.);
#333=VECTOR('',#2639,1.);
#334=VECTOR('',#2640,1.);
#335=VECTOR('',#2641,1.);
#336=VECTOR('',#2644,1.);
#337=VECTOR('',#2645,1.);
#338=VECTOR('',#2646,1.);
#339=VECTOR('',#2647,1.);
#340=VECTOR('',#2648,1.);
#341=VECTOR('',#2649,1.);
#342=VECTOR('',#2650,1.);
#343=VECTOR('',#2653,1.);
#344=VECTOR('',#2654,1.);
#345=VECTOR('',#2655,1.);
#346=VECTOR('',#2658,1.);
#347=VECTOR('',#2659,1.);
#348=VECTOR('',#2660,1.);
#349=VECTOR('',#2661,1.);
#350=VECTOR('',#2662,1.);
#351=VECTOR('',#2663,1.);
#352=VECTOR('',#2664,1.);
#353=VECTOR('',#2667,1.);
#354=VECTOR('',#2670,1.);
#355=VECTOR('',#2673,1.);
#356=VECTOR('',#2674,1.);
#357=VECTOR('',#2675,1.);
#358=VECTOR('',#2678,1.);
#359=VECTOR('',#2679,1.);
#360=VECTOR('',#2680,1.);
#361=VECTOR('',#2683,1.);
#362=VECTOR('',#2684,1.);
#363=VECTOR('',#2687,1.);
#364=VECTOR('',#2688,1.);
#365=VECTOR('',#2689,1.);
#366=VECTOR('',#2692,1.);
#367=VECTOR('',#2693,1.);
#368=VECTOR('',#2694,1.);
#369=VECTOR('',#2695,1.);
#370=VECTOR('',#2698,1.);
#371=VECTOR('',#2699,1.);
#372=VECTOR('',#2700,1.);
#373=VECTOR('',#2701,1.);
#374=VECTOR('',#2702,1.);
#375=VECTOR('',#2705,1.);
#376=VECTOR('',#2706,1.);
#377=VECTOR('',#2707,1.);
#378=VECTOR('',#2708,1.);
#379=VECTOR('',#2709,1.);
#380=VECTOR('',#2712,1.);
#381=VECTOR('',#2713,1.);
#382=VECTOR('',#2714,1.);
#383=VECTOR('',#2715,1.);
#384=VECTOR('',#2720,1.);
#385=VECTOR('',#2721,1.);
#386=VECTOR('',#2722,1.);
#387=VECTOR('',#2725,1.);
#388=VECTOR('',#2726,1.);
#389=VECTOR('',#2733,1.);
#390=VECTOR('',#2734,1.);
#391=VECTOR('',#2735,1.);
#392=VECTOR('',#2738,1.);
#393=VECTOR('',#2741,1.);
#394=VECTOR('',#2752,1.);
#395=VECTOR('',#2755,1.);
#396=VECTOR('',#2758,1.);
#397=VECTOR('',#2761,1.);
#398=VECTOR('',#2764,1.);
#399=VECTOR('',#2769,1.);
#400=VECTOR('',#2804,1.);
#401=VECTOR('',#2805,1.);
#402=VECTOR('',#2806,1.);
#403=VECTOR('',#2807,1.);
#404=VECTOR('',#2810,1.);
#405=VECTOR('',#2811,1.);
#406=VECTOR('',#2812,1.);
#407=VECTOR('',#2813,1.);
#408=VECTOR('',#2816,1.);
#409=VECTOR('',#2817,1.);
#410=VECTOR('',#2818,1.);
#411=VECTOR('',#2819,1.);
#412=VECTOR('',#2822,1.);
#413=VECTOR('',#2823,1.);
#414=VECTOR('',#2824,1.);
#415=VECTOR('',#2825,1.);
#416=VECTOR('',#2828,1.);
#417=VECTOR('',#2829,1.);
#418=VECTOR('',#2830,1.);
#419=VECTOR('',#2831,1.);
#420=VECTOR('',#2832,1.);
#421=VECTOR('',#2833,1.);
#422=VECTOR('',#2834,1.);
#423=VECTOR('',#2835,1.);
#424=VECTOR('',#2838,1.);
#425=VECTOR('',#2839,1.);
#426=VECTOR('',#2840,1.);
#427=VECTOR('',#2841,1.);
#428=VECTOR('',#2842,1.);
#429=VECTOR('',#2843,1.);
#430=VECTOR('',#2844,1.);
#431=VECTOR('',#2845,1.);
#432=VECTOR('',#2852,1.);
#433=VECTOR('',#2855,1.);
#434=VECTOR('',#2860,1.);
#435=VECTOR('',#2863,1.);
#436=VECTOR('',#2872,1.);
#437=VECTOR('',#2873,1.);
#438=VECTOR('',#2874,1.);
#439=VECTOR('',#2875,1.);
#440=VECTOR('',#2876,1.);
#441=VECTOR('',#2877,1.);
#442=VECTOR('',#2878,1.);
#443=VECTOR('',#2879,1.);
#444=VECTOR('',#2884,1.);
#445=VECTOR('',#2885,1.);
#446=VECTOR('',#2886,1.);
#447=VECTOR('',#2887,1.);
#448=VECTOR('',#2888,1.);
#449=VECTOR('',#2891,1.);
#450=VECTOR('',#2892,1.);
#451=VECTOR('',#2893,1.);
#452=VECTOR('',#2894,1.);
#453=VECTOR('',#2897,1.);
#454=VECTOR('',#2898,1.);
#455=VECTOR('',#2899,1.);
#456=VECTOR('',#2900,1.);
#457=VECTOR('',#2901,1.);
#458=VECTOR('',#2902,1.);
#459=VECTOR('',#2903,1.);
#460=VECTOR('',#2904,1.);
#461=VECTOR('',#2907,1.);
#462=VECTOR('',#2908,1.);
#463=VECTOR('',#2909,1.);
#464=VECTOR('',#2910,1.);
#465=VECTOR('',#2911,1.);
#466=VECTOR('',#2912,1.);
#467=VECTOR('',#2913,1.);
#468=VECTOR('',#2916,1.);
#469=VECTOR('',#2917,1.);
#470=VECTOR('',#2918,1.);
#471=VECTOR('',#2919,1.);
#472=VECTOR('',#2920,1.);
#473=VECTOR('',#2921,1.);
#474=VECTOR('',#2922,1.);
#475=VECTOR('',#2923,1.);
#476=VECTOR('',#2926,1.);
#477=VECTOR('',#2927,1.);
#478=VECTOR('',#2928,1.);
#479=VECTOR('',#2929,1.);
#480=VECTOR('',#2932,1.);
#481=VECTOR('',#2933,1.);
#482=VECTOR('',#2934,1.);
#483=VECTOR('',#2935,1.);
#484=VECTOR('',#2936,1.);
#485=VECTOR('',#2937,1.);
#486=VECTOR('',#2938,1.);
#487=VECTOR('',#2939,1.);
#488=VECTOR('',#2940,1.);
#489=VECTOR('',#2941,1.);
#490=VECTOR('',#2942,1.);
#491=VECTOR('',#2945,1.);
#492=VECTOR('',#2946,1.);
#493=VECTOR('',#2947,1.);
#494=VECTOR('',#2948,1.);
#495=VECTOR('',#2949,1.);
#496=VECTOR('',#2950,1.);
#497=VECTOR('',#2953,1.);
#498=VECTOR('',#2956,1.);
#499=VECTOR('',#2959,1.);
#500=VECTOR('',#2960,1.);
#501=VECTOR('',#2961,1.);
#502=VECTOR('',#2964,1.);
#503=VECTOR('',#2965,1.);
#504=VECTOR('',#2966,1.);
#505=VECTOR('',#2969,1.);
#506=VECTOR('',#2970,1.);
#507=VECTOR('',#2971,1.);
#508=VECTOR('',#2972,1.);
#509=VECTOR('',#2973,1.);
#510=VECTOR('',#2976,1.);
#511=VECTOR('',#2977,1.);
#512=VECTOR('',#2978,1.);
#513=VECTOR('',#2979,1.);
#514=VECTOR('',#2980,1.);
#515=VECTOR('',#2983,1.);
#516=VECTOR('',#2984,1.);
#517=VECTOR('',#2985,1.);
#518=VECTOR('',#2986,1.);
#519=VECTOR('',#2991,1.);
#520=VECTOR('',#2992,1.);
#521=VECTOR('',#2993,1.);
#522=VECTOR('',#2998,1.);
#523=VECTOR('',#2999,1.);
#524=VECTOR('',#3000,1.);
#525=VECTOR('',#3005,1.);
#526=VECTOR('',#3006,1.);
#527=VECTOR('',#3007,1.);
#528=VECTOR('',#3010,1.);
#529=VECTOR('',#3013,1.);
#530=VECTOR('',#3016,1.);
#531=VECTOR('',#3019,1.);
#532=VECTOR('',#3030,1.);
#533=VECTOR('',#3035,1.);
#534=VECTOR('',#3040,1.);
#535=VECTOR('',#3043,1.);
#536=VECTOR('',#3046,1.);
#537=VECTOR('',#3049,1.);
#538=CONTEXT_DEPENDENT_SHAPE_REPRESENTATION(#560,#3732);
#539=CONTEXT_DEPENDENT_SHAPE_REPRESENTATION(#561,#3734);
#540=CONTEXT_DEPENDENT_SHAPE_REPRESENTATION(#562,#3735);
#541=CONTEXT_DEPENDENT_SHAPE_REPRESENTATION(#563,#3737);
#542=CONTEXT_DEPENDENT_SHAPE_REPRESENTATION(#564,#3739);
#543=CONTEXT_DEPENDENT_SHAPE_REPRESENTATION(#565,#3740);
#544=CONTEXT_DEPENDENT_SHAPE_REPRESENTATION(#566,#3742);
#545=CONTEXT_DEPENDENT_SHAPE_REPRESENTATION(#567,#3743);
#546=CONTEXT_DEPENDENT_SHAPE_REPRESENTATION(#568,#3745);
#547=CONTEXT_DEPENDENT_SHAPE_REPRESENTATION(#569,#3746);
#548=CONTEXT_DEPENDENT_SHAPE_REPRESENTATION(#570,#3747);
#549=NEXT_ASSEMBLY_USAGE_OCCURRENCE('NAUO1','Part 1','Part 1',#3748,#3749,
'');
#550=NEXT_ASSEMBLY_USAGE_OCCURRENCE('NAUO2','Part 1','Part 1',#3748,#3750,
'');
#551=NEXT_ASSEMBLY_USAGE_OCCURRENCE('NAUO3','Part 1','Part 1',#3748,#3749,
'');
#552=NEXT_ASSEMBLY_USAGE_OCCURRENCE('NAUO4','Part 1','Part 1',#3748,#3751,
'');
#553=NEXT_ASSEMBLY_USAGE_OCCURRENCE('NAUO5','Part 2','Part 2',#3748,#3752,
'');
#554=NEXT_ASSEMBLY_USAGE_OCCURRENCE('NAUO6','Part 1','Part 1',#3748,#3750,
'');
#555=NEXT_ASSEMBLY_USAGE_OCCURRENCE('NAUO7','Part 1','Part 1',#3748,#3753,
'');
#556=NEXT_ASSEMBLY_USAGE_OCCURRENCE('NAUO8','Part 1','Part 1',#3748,#3753,
'');
#557=NEXT_ASSEMBLY_USAGE_OCCURRENCE('NAUO9','Part 1','Part 1',#3748,#3754,
'');
#558=NEXT_ASSEMBLY_USAGE_OCCURRENCE('NAUO10','Part 1','Part 1',#3748,#3749,
'');
#559=NEXT_ASSEMBLY_USAGE_OCCURRENCE('NAUO11','Part 1','Part 1',#3748,#3749,
'');
#560=(
REPRESENTATION_RELATIONSHIP(' ',' ',#2326,#2325)
REPRESENTATION_RELATIONSHIP_WITH_TRANSFORMATION(#571)
SHAPE_REPRESENTATION_RELATIONSHIP()
);
#561=(
REPRESENTATION_RELATIONSHIP(' ',' ',#2327,#2325)
REPRESENTATION_RELATIONSHIP_WITH_TRANSFORMATION(#572)
SHAPE_REPRESENTATION_RELATIONSHIP()
);
#562=(
REPRESENTATION_RELATIONSHIP(' ',' ',#2326,#2325)
REPRESENTATION_RELATIONSHIP_WITH_TRANSFORMATION(#573)
SHAPE_REPRESENTATION_RELATIONSHIP()
);
#563=(
REPRESENTATION_RELATIONSHIP(' ',' ',#2328,#2325)
REPRESENTATION_RELATIONSHIP_WITH_TRANSFORMATION(#574)
SHAPE_REPRESENTATION_RELATIONSHIP()
);
#564=(
REPRESENTATION_RELATIONSHIP(' ',' ',#2329,#2325)
REPRESENTATION_RELATIONSHIP_WITH_TRANSFORMATION(#575)
SHAPE_REPRESENTATION_RELATIONSHIP()
);
#565=(
REPRESENTATION_RELATIONSHIP(' ',' ',#2327,#2325)
REPRESENTATION_RELATIONSHIP_WITH_TRANSFORMATION(#576)
SHAPE_REPRESENTATION_RELATIONSHIP()
);
#566=(
REPRESENTATION_RELATIONSHIP(' ',' ',#2330,#2325)
REPRESENTATION_RELATIONSHIP_WITH_TRANSFORMATION(#577)
SHAPE_REPRESENTATION_RELATIONSHIP()
);
#567=(
REPRESENTATION_RELATIONSHIP(' ',' ',#2330,#2325)
REPRESENTATION_RELATIONSHIP_WITH_TRANSFORMATION(#578)
SHAPE_REPRESENTATION_RELATIONSHIP()
);
#568=(
REPRESENTATION_RELATIONSHIP(' ',' ',#2331,#2325)
REPRESENTATION_RELATIONSHIP_WITH_TRANSFORMATION(#579)
SHAPE_REPRESENTATION_RELATIONSHIP()
);
#569=(
REPRESENTATION_RELATIONSHIP(' ',' ',#2326,#2325)
REPRESENTATION_RELATIONSHIP_WITH_TRANSFORMATION(#580)
SHAPE_REPRESENTATION_RELATIONSHIP()
);
#570=(
REPRESENTATION_RELATIONSHIP(' ',' ',#2326,#2325)
REPRESENTATION_RELATIONSHIP_WITH_TRANSFORMATION(#581)
SHAPE_REPRESENTATION_RELATIONSHIP()
);
#571=ITEM_DEFINED_TRANSFORMATION(' ',' ',#2332,#2338);
#572=ITEM_DEFINED_TRANSFORMATION(' ',' ',#2332,#2345);
#573=ITEM_DEFINED_TRANSFORMATION(' ',' ',#2332,#2346);
#574=ITEM_DEFINED_TRANSFORMATION(' ',' ',#2332,#2368);
#575=ITEM_DEFINED_TRANSFORMATION(' ',' ',#2332,#2421);
#576=ITEM_DEFINED_TRANSFORMATION(' ',' ',#2332,#2422);
#577=ITEM_DEFINED_TRANSFORMATION(' ',' ',#2332,#2437);
#578=ITEM_DEFINED_TRANSFORMATION(' ',' ',#2332,#2438);
#579=ITEM_DEFINED_TRANSFORMATION(' ',' ',#2332,#2491);
#580=ITEM_DEFINED_TRANSFORMATION(' ',' ',#2332,#2492);
#581=ITEM_DEFINED_TRANSFORMATION(' ',' ',#2332,#2493);
#582=SHAPE_REPRESENTATION_RELATIONSHIP('','',#2326,#588);
#583=SHAPE_REPRESENTATION_RELATIONSHIP('','',#2327,#589);
#584=SHAPE_REPRESENTATION_RELATIONSHIP('','',#2328,#590);
#585=SHAPE_REPRESENTATION_RELATIONSHIP('','',#2329,#591);
#586=SHAPE_REPRESENTATION_RELATIONSHIP('','',#2330,#592);
#587=SHAPE_REPRESENTATION_RELATIONSHIP('','',#2331,#593);
#588=ADVANCED_BREP_SHAPE_REPRESENTATION('',(#2312),#3714);
#589=ADVANCED_BREP_SHAPE_REPRESENTATION('',(#2313),#3715);
#590=ADVANCED_BREP_SHAPE_REPRESENTATION('',(#2314),#3716);
#591=ADVANCED_BREP_SHAPE_REPRESENTATION('',(#2315),#3717);
#592=ADVANCED_BREP_SHAPE_REPRESENTATION('',(#2316),#3718);
#593=ADVANCED_BREP_SHAPE_REPRESENTATION('',(#2317),#3719);
#594=PLANE('',#2336);
#595=PLANE('',#2337);
#596=PLANE('',#2339);
#597=PLANE('',#2340);
#598=PLANE('',#2341);
#599=PLANE('',#2342);
#600=PLANE('',#2343);
#601=PLANE('',#2344);
#602=PLANE('',#2347);
#603=PLANE('',#2348);
#604=PLANE('',#2349);
#605=PLANE('',#2350);
#606=PLANE('',#2351);
#607=PLANE('',#2357);
#608=PLANE('',#2369);
#609=PLANE('',#2370);
#610=PLANE('',#2372);
#611=PLANE('',#2373);
#612=PLANE('',#2374);
#613=PLANE('',#2375);
#614=PLANE('',#2376);
#615=PLANE('',#2377);
#616=PLANE('',#2378);
#617=PLANE('',#2379);
#618=PLANE('',#2380);
#619=PLANE('',#2381);
#620=PLANE('',#2382);
#621=PLANE('',#2383);
#622=PLANE('',#2384);
#623=PLANE('',#2385);
#624=PLANE('',#2386);
#625=PLANE('',#2387);
#626=PLANE('',#2388);
#627=PLANE('',#2390);
#628=PLANE('',#2392);
#629=PLANE('',#2394);
#630=PLANE('',#2395);
#631=PLANE('',#2396);
#632=PLANE('',#2397);
#633=PLANE('',#2398);
#634=PLANE('',#2399);
#635=PLANE('',#2400);
#636=PLANE('',#2401);
#637=PLANE('',#2402);
#638=PLANE('',#2403);
#639=PLANE('',#2404);
#640=PLANE('',#2405);
#641=PLANE('',#2406);
#642=PLANE('',#2407);
#643=PLANE('',#2410);
#644=PLANE('',#2413);
#645=PLANE('',#2416);
#646=PLANE('',#2419);
#647=PLANE('',#2420);
#648=PLANE('',#2423);
#649=PLANE('',#2424);
#650=PLANE('',#2425);
#651=PLANE('',#2426);
#652=PLANE('',#2427);
#653=PLANE('',#2428);
#654=PLANE('',#2429);
#655=PLANE('',#2430);
#656=PLANE('',#2431);
#657=PLANE('',#2432);
#658=PLANE('',#2433);
#659=PLANE('',#2434);
#660=PLANE('',#2435);
#661=PLANE('',#2436);
#662=PLANE('',#2439);
#663=PLANE('',#2440);
#664=PLANE('',#2442);
#665=PLANE('',#2443);
#666=PLANE('',#2444);
#667=PLANE('',#2445);
#668=PLANE('',#2446);
#669=PLANE('',#2447);
#670=PLANE('',#2448);
#671=PLANE('',#2449);
#672=PLANE('',#2450);
#673=PLANE('',#2451);
#674=PLANE('',#2452);
#675=PLANE('',#2453);
#676=PLANE('',#2454);
#677=PLANE('',#2455);
#678=PLANE('',#2456);
#679=PLANE('',#2458);
#680=PLANE('',#2460);
#681=PLANE('',#2462);
#682=PLANE('',#2463);
#683=PLANE('',#2464);
#684=PLANE('',#2465);
#685=PLANE('',#2466);
#686=PLANE('',#2467);
#687=PLANE('',#2468);
#688=PLANE('',#2469);
#689=PLANE('',#2470);
#690=PLANE('',#2471);
#691=PLANE('',#2472);
#692=PLANE('',#2473);
#693=PLANE('',#2474);
#694=PLANE('',#2475);
#695=PLANE('',#2476);
#696=PLANE('',#2477);
#697=PLANE('',#2480);
#698=PLANE('',#2483);
#699=PLANE('',#2486);
#700=PLANE('',#2489);
#701=PLANE('',#2490);
#702=ORIENTED_EDGE('',*,*,#1286,.F.);
#703=ORIENTED_EDGE('',*,*,#1287,.T.);
#704=ORIENTED_EDGE('',*,*,#1286,.T.);
#705=ORIENTED_EDGE('',*,*,#1287,.F.);
#706=ORIENTED_EDGE('',*,*,#1288,.T.);
#707=ORIENTED_EDGE('',*,*,#1289,.F.);
#708=ORIENTED_EDGE('',*,*,#1290,.F.);
#709=ORIENTED_EDGE('',*,*,#1291,.T.);
#710=ORIENTED_EDGE('',*,*,#1292,.F.);
#711=ORIENTED_EDGE('',*,*,#1293,.F.);
#712=ORIENTED_EDGE('',*,*,#1294,.T.);
#713=ORIENTED_EDGE('',*,*,#1295,.T.);
#714=ORIENTED_EDGE('',*,*,#1294,.F.);
#715=ORIENTED_EDGE('',*,*,#1296,.F.);
#716=ORIENTED_EDGE('',*,*,#1290,.T.);
#717=ORIENTED_EDGE('',*,*,#1297,.T.);
#718=ORIENTED_EDGE('',*,*,#1288,.F.);
#719=ORIENTED_EDGE('',*,*,#1298,.T.);
#720=ORIENTED_EDGE('',*,*,#1292,.T.);
#721=ORIENTED_EDGE('',*,*,#1299,.F.);
#722=ORIENTED_EDGE('',*,*,#1298,.F.);
#723=ORIENTED_EDGE('',*,*,#1291,.F.);
#724=ORIENTED_EDGE('',*,*,#1296,.T.);
#725=ORIENTED_EDGE('',*,*,#1293,.T.);
#726=ORIENTED_EDGE('',*,*,#1299,.T.);
#727=ORIENTED_EDGE('',*,*,#1295,.F.);
#728=ORIENTED_EDGE('',*,*,#1297,.F.);
#729=ORIENTED_EDGE('',*,*,#1289,.T.);
#730=ORIENTED_EDGE('',*,*,#1300,.F.);
#731=ORIENTED_EDGE('',*,*,#1301,.F.);
#732=ORIENTED_EDGE('',*,*,#1302,.T.);
#733=ORIENTED_EDGE('',*,*,#1303,.T.);
#734=ORIENTED_EDGE('',*,*,#1304,.T.);
#735=ORIENTED_EDGE('',*,*,#1305,.F.);
#736=ORIENTED_EDGE('',*,*,#1306,.F.);
#737=ORIENTED_EDGE('',*,*,#1301,.T.);
#738=ORIENTED_EDGE('',*,*,#1307,.T.);
#739=ORIENTED_EDGE('',*,*,#1308,.F.);
#740=ORIENTED_EDGE('',*,*,#1309,.F.);
#741=ORIENTED_EDGE('',*,*,#1305,.T.);
#742=ORIENTED_EDGE('',*,*,#1310,.F.);
#743=ORIENTED_EDGE('',*,*,#1303,.F.);
#744=ORIENTED_EDGE('',*,*,#1311,.T.);
#745=ORIENTED_EDGE('',*,*,#1308,.T.);
#746=ORIENTED_EDGE('',*,*,#1312,.F.);
#747=ORIENTED_EDGE('',*,*,#1313,.F.);
#748=ORIENTED_EDGE('',*,*,#1314,.F.);
#749=ORIENTED_EDGE('',*,*,#1315,.F.);
#750=ORIENTED_EDGE('',*,*,#1316,.F.);
#751=ORIENTED_EDGE('',*,*,#1302,.F.);
#752=ORIENTED_EDGE('',*,*,#1306,.T.);
#753=ORIENTED_EDGE('',*,*,#1309,.T.);
#754=ORIENTED_EDGE('',*,*,#1311,.F.);
#755=ORIENTED_EDGE('',*,*,#1317,.T.);
#756=ORIENTED_EDGE('',*,*,#1318,.T.);
#757=ORIENTED_EDGE('',*,*,#1319,.T.);
#758=ORIENTED_EDGE('',*,*,#1320,.T.);
#759=ORIENTED_EDGE('',*,*,#1321,.T.);
#760=ORIENTED_EDGE('',*,*,#1300,.T.);
#761=ORIENTED_EDGE('',*,*,#1310,.T.);
#762=ORIENTED_EDGE('',*,*,#1307,.F.);
#763=ORIENTED_EDGE('',*,*,#1304,.F.);
#764=ORIENTED_EDGE('',*,*,#1316,.T.);
#765=ORIENTED_EDGE('',*,*,#1321,.F.);
#766=ORIENTED_EDGE('',*,*,#1315,.T.);
#767=ORIENTED_EDGE('',*,*,#1320,.F.);
#768=ORIENTED_EDGE('',*,*,#1314,.T.);
#769=ORIENTED_EDGE('',*,*,#1319,.F.);
#770=ORIENTED_EDGE('',*,*,#1313,.T.);
#771=ORIENTED_EDGE('',*,*,#1318,.F.);
#772=ORIENTED_EDGE('',*,*,#1312,.T.);
#773=ORIENTED_EDGE('',*,*,#1317,.F.);
#774=ORIENTED_EDGE('',*,*,#1322,.F.);
#775=ORIENTED_EDGE('',*,*,#1323,.T.);
#776=ORIENTED_EDGE('',*,*,#1324,.T.);
#777=ORIENTED_EDGE('',*,*,#1325,.F.);
#778=ORIENTED_EDGE('',*,*,#1326,.F.);
#779=ORIENTED_EDGE('',*,*,#1327,.F.);
#780=ORIENTED_EDGE('',*,*,#1328,.T.);
#781=ORIENTED_EDGE('',*,*,#1329,.T.);
#782=ORIENTED_EDGE('',*,*,#1330,.F.);
#783=ORIENTED_EDGE('',*,*,#1331,.T.);
#784=ORIENTED_EDGE('',*,*,#1332,.T.);
#785=ORIENTED_EDGE('',*,*,#1333,.T.);
#786=ORIENTED_EDGE('',*,*,#1334,.T.);
#787=ORIENTED_EDGE('',*,*,#1335,.F.);
#788=ORIENTED_EDGE('',*,*,#1336,.F.);
#789=ORIENTED_EDGE('',*,*,#1337,.F.);
#790=ORIENTED_EDGE('',*,*,#1338,.T.);
#791=ORIENTED_EDGE('',*,*,#1339,.F.);
#792=ORIENTED_EDGE('',*,*,#1340,.T.);
#793=ORIENTED_EDGE('',*,*,#1341,.T.);
#794=ORIENTED_EDGE('',*,*,#1342,.F.);
#795=ORIENTED_EDGE('',*,*,#1343,.T.);
#796=ORIENTED_EDGE('',*,*,#1344,.T.);
#797=ORIENTED_EDGE('',*,*,#1345,.F.);
#798=ORIENTED_EDGE('',*,*,#1325,.T.);
#799=ORIENTED_EDGE('',*,*,#1346,.T.);
#800=ORIENTED_EDGE('',*,*,#1347,.F.);
#801=ORIENTED_EDGE('',*,*,#1348,.F.);
#802=ORIENTED_EDGE('',*,*,#1349,.F.);
#803=ORIENTED_EDGE('',*,*,#1350,.F.);
#804=ORIENTED_EDGE('',*,*,#1351,.T.);
#805=ORIENTED_EDGE('',*,*,#1352,.T.);
#806=ORIENTED_EDGE('',*,*,#1353,.F.);
#807=ORIENTED_EDGE('',*,*,#1354,.T.);
#808=ORIENTED_EDGE('',*,*,#1340,.F.);
#809=ORIENTED_EDGE('',*,*,#1355,.F.);
#810=ORIENTED_EDGE('',*,*,#1356,.T.);
#811=ORIENTED_EDGE('',*,*,#1337,.T.);
#812=ORIENTED_EDGE('',*,*,#1357,.F.);
#813=ORIENTED_EDGE('',*,*,#1331,.F.);
#814=ORIENTED_EDGE('',*,*,#1358,.F.);
#815=ORIENTED_EDGE('',*,*,#1359,.F.);
#816=ORIENTED_EDGE('',*,*,#1360,.T.);
#817=ORIENTED_EDGE('',*,*,#1361,.T.);
#818=ORIENTED_EDGE('',*,*,#1362,.T.);
#819=ORIENTED_EDGE('',*,*,#1343,.F.);
#820=ORIENTED_EDGE('',*,*,#1363,.F.);
#821=ORIENTED_EDGE('',*,*,#1364,.T.);
#822=ORIENTED_EDGE('',*,*,#1365,.F.);
#823=ORIENTED_EDGE('',*,*,#1366,.T.);
#824=ORIENTED_EDGE('',*,*,#1367,.T.);
#825=ORIENTED_EDGE('',*,*,#1368,.F.);
#826=ORIENTED_EDGE('',*,*,#1369,.T.);
#827=ORIENTED_EDGE('',*,*,#1370,.T.);
#828=ORIENTED_EDGE('',*,*,#1334,.F.);
#829=ORIENTED_EDGE('',*,*,#1369,.F.);
#830=ORIENTED_EDGE('',*,*,#1371,.F.);
#831=ORIENTED_EDGE('',*,*,#1372,.T.);
#832=ORIENTED_EDGE('',*,*,#1373,.T.);
#833=ORIENTED_EDGE('',*,*,#1374,.T.);
#834=ORIENTED_EDGE('',*,*,#1375,.F.);
#835=ORIENTED_EDGE('',*,*,#1376,.F.);
#836=ORIENTED_EDGE('',*,*,#1377,.T.);
#837=ORIENTED_EDGE('',*,*,#1371,.T.);
#838=ORIENTED_EDGE('',*,*,#1368,.T.);
#839=ORIENTED_EDGE('',*,*,#1333,.F.);
#840=ORIENTED_EDGE('',*,*,#1378,.T.);
#841=ORIENTED_EDGE('',*,*,#1370,.F.);
#842=ORIENTED_EDGE('',*,*,#1373,.F.);
#843=ORIENTED_EDGE('',*,*,#1379,.T.);
#844=ORIENTED_EDGE('',*,*,#1335,.T.);
#845=ORIENTED_EDGE('',*,*,#1380,.F.);
#846=ORIENTED_EDGE('',*,*,#1381,.T.);
#847=ORIENTED_EDGE('',*,*,#1382,.F.);
#848=ORIENTED_EDGE('',*,*,#1360,.F.);
#849=ORIENTED_EDGE('',*,*,#1383,.F.);
#850=ORIENTED_EDGE('',*,*,#1365,.T.);
#851=ORIENTED_EDGE('',*,*,#1384,.F.);
#852=ORIENTED_EDGE('',*,*,#1385,.T.);
#853=ORIENTED_EDGE('',*,*,#1386,.F.);
#854=ORIENTED_EDGE('',*,*,#1387,.T.);
#855=ORIENTED_EDGE('',*,*,#1358,.T.);
#856=ORIENTED_EDGE('',*,*,#1330,.T.);
#857=ORIENTED_EDGE('',*,*,#1367,.F.);
#858=ORIENTED_EDGE('',*,*,#1388,.T.);
#859=ORIENTED_EDGE('',*,*,#1389,.F.);
#860=ORIENTED_EDGE('',*,*,#1390,.T.);
#861=ORIENTED_EDGE('',*,*,#1381,.F.);
#862=ORIENTED_EDGE('',*,*,#1391,.T.);
#863=ORIENTED_EDGE('',*,*,#1386,.T.);
#864=ORIENTED_EDGE('',*,*,#1329,.F.);
#865=ORIENTED_EDGE('',*,*,#1392,.F.);
#866=ORIENTED_EDGE('',*,*,#1377,.F.);
#867=ORIENTED_EDGE('',*,*,#1393,.T.);
#868=ORIENTED_EDGE('',*,*,#1394,.F.);
#869=ORIENTED_EDGE('',*,*,#1389,.T.);
#870=ORIENTED_EDGE('',*,*,#1395,.T.);
#871=ORIENTED_EDGE('',*,*,#1385,.F.);
#872=ORIENTED_EDGE('',*,*,#1396,.T.);
#873=ORIENTED_EDGE('',*,*,#1397,.F.);
#874=ORIENTED_EDGE('',*,*,#1375,.T.);
#875=ORIENTED_EDGE('',*,*,#1398,.T.);
#876=ORIENTED_EDGE('',*,*,#1399,.T.);
#877=ORIENTED_EDGE('',*,*,#1400,.F.);
#878=ORIENTED_EDGE('',*,*,#1401,.T.);
#879=ORIENTED_EDGE('',*,*,#1402,.T.);
#880=ORIENTED_EDGE('',*,*,#1393,.F.);
#881=ORIENTED_EDGE('',*,*,#1376,.T.);
#882=ORIENTED_EDGE('',*,*,#1397,.T.);
#883=ORIENTED_EDGE('',*,*,#1403,.T.);
#884=ORIENTED_EDGE('',*,*,#1404,.F.);
#885=ORIENTED_EDGE('',*,*,#1328,.F.);
#886=ORIENTED_EDGE('',*,*,#1405,.T.);
#887=ORIENTED_EDGE('',*,*,#1406,.T.);
#888=ORIENTED_EDGE('',*,*,#1407,.F.);
#889=ORIENTED_EDGE('',*,*,#1408,.F.);
#890=ORIENTED_EDGE('',*,*,#1398,.F.);
#891=ORIENTED_EDGE('',*,*,#1374,.F.);
#892=ORIENTED_EDGE('',*,*,#1392,.T.);
#893=ORIENTED_EDGE('',*,*,#1409,.F.);
#894=ORIENTED_EDGE('',*,*,#1349,.T.);
#895=ORIENTED_EDGE('',*,*,#1410,.T.);
#896=ORIENTED_EDGE('',*,*,#1411,.F.);
#897=ORIENTED_EDGE('',*,*,#1355,.T.);
#898=ORIENTED_EDGE('',*,*,#1382,.T.);
#899=ORIENTED_EDGE('',*,*,#1394,.T.);
#900=ORIENTED_EDGE('',*,*,#1402,.F.);
#901=ORIENTED_EDGE('',*,*,#1412,.F.);
#902=ORIENTED_EDGE('',*,*,#1408,.T.);
#903=ORIENTED_EDGE('',*,*,#1413,.T.);
#904=ORIENTED_EDGE('',*,*,#1414,.F.);
#905=ORIENTED_EDGE('',*,*,#1361,.F.);
#906=ORIENTED_EDGE('',*,*,#1390,.F.);
#907=ORIENTED_EDGE('',*,*,#1399,.F.);
#908=ORIENTED_EDGE('',*,*,#1415,.F.);
#909=ORIENTED_EDGE('',*,*,#1416,.F.);
#910=ORIENTED_EDGE('',*,*,#1417,.F.);
#911=ORIENTED_EDGE('',*,*,#1353,.T.);
#912=ORIENTED_EDGE('',*,*,#1418,.T.);
#913=ORIENTED_EDGE('',*,*,#1403,.F.);
#914=ORIENTED_EDGE('',*,*,#1396,.F.);
#915=ORIENTED_EDGE('',*,*,#1384,.T.);
#916=ORIENTED_EDGE('',*,*,#1364,.F.);
#917=ORIENTED_EDGE('',*,*,#1419,.T.);
#918=ORIENTED_EDGE('',*,*,#1352,.F.);
#919=ORIENTED_EDGE('',*,*,#1420,.T.);
#920=ORIENTED_EDGE('',*,*,#1404,.T.);
#921=ORIENTED_EDGE('',*,*,#1418,.F.);
#922=ORIENTED_EDGE('',*,*,#1421,.F.);
#923=ORIENTED_EDGE('',*,*,#1350,.T.);
#924=ORIENTED_EDGE('',*,*,#1412,.T.);
#925=ORIENTED_EDGE('',*,*,#1401,.F.);
#926=ORIENTED_EDGE('',*,*,#1388,.F.);
#927=ORIENTED_EDGE('',*,*,#1366,.F.);
#928=ORIENTED_EDGE('',*,*,#1383,.T.);
#929=ORIENTED_EDGE('',*,*,#1395,.F.);
#930=ORIENTED_EDGE('',*,*,#1387,.F.);
#931=ORIENTED_EDGE('',*,*,#1391,.F.);
#932=ORIENTED_EDGE('',*,*,#1380,.T.);
#933=ORIENTED_EDGE('',*,*,#1359,.T.);
#934=ORIENTED_EDGE('',*,*,#1351,.F.);
#935=ORIENTED_EDGE('',*,*,#1421,.T.);
#936=ORIENTED_EDGE('',*,*,#1400,.T.);
#937=ORIENTED_EDGE('',*,*,#1420,.F.);
#938=ORIENTED_EDGE('',*,*,#1378,.F.);
#939=ORIENTED_EDGE('',*,*,#1336,.T.);
#940=ORIENTED_EDGE('',*,*,#1379,.F.);
#941=ORIENTED_EDGE('',*,*,#1372,.F.);
#942=ORIENTED_EDGE('',*,*,#1344,.F.);
#943=ORIENTED_EDGE('',*,*,#1362,.F.);
#944=ORIENTED_EDGE('',*,*,#1414,.T.);
#945=ORIENTED_EDGE('',*,*,#1422,.T.);
#946=ORIENTED_EDGE('',*,*,#1345,.T.);
#947=ORIENTED_EDGE('',*,*,#1422,.F.);
#948=ORIENTED_EDGE('',*,*,#1413,.F.);
#949=ORIENTED_EDGE('',*,*,#1407,.T.);
#950=ORIENTED_EDGE('',*,*,#1423,.F.);
#951=ORIENTED_EDGE('',*,*,#1322,.T.);
#952=ORIENTED_EDGE('',*,*,#1347,.T.);
#953=ORIENTED_EDGE('',*,*,#1424,.F.);
#954=ORIENTED_EDGE('',*,*,#1332,.F.);
#955=ORIENTED_EDGE('',*,*,#1357,.T.);
#956=ORIENTED_EDGE('',*,*,#1324,.F.);
#957=ORIENTED_EDGE('',*,*,#1425,.T.);
#958=ORIENTED_EDGE('',*,*,#1405,.F.);
#959=ORIENTED_EDGE('',*,*,#1327,.T.);
#960=ORIENTED_EDGE('',*,*,#1424,.T.);
#961=ORIENTED_EDGE('',*,*,#1346,.F.);
#962=ORIENTED_EDGE('',*,*,#1342,.T.);
#963=ORIENTED_EDGE('',*,*,#1426,.F.);
#964=ORIENTED_EDGE('',*,*,#1419,.F.);
#965=ORIENTED_EDGE('',*,*,#1363,.T.);
#966=ORIENTED_EDGE('',*,*,#1341,.F.);
#967=ORIENTED_EDGE('',*,*,#1354,.F.);
#968=ORIENTED_EDGE('',*,*,#1417,.T.);
#969=ORIENTED_EDGE('',*,*,#1426,.T.);
#970=ORIENTED_EDGE('',*,*,#1338,.F.);
#971=ORIENTED_EDGE('',*,*,#1356,.F.);
#972=ORIENTED_EDGE('',*,*,#1411,.T.);
#973=ORIENTED_EDGE('',*,*,#1427,.T.);
#974=ORIENTED_EDGE('',*,*,#1339,.T.);
#975=ORIENTED_EDGE('',*,*,#1427,.F.);
#976=ORIENTED_EDGE('',*,*,#1410,.F.);
#977=ORIENTED_EDGE('',*,*,#1348,.T.);
#978=ORIENTED_EDGE('',*,*,#1428,.F.);
#979=ORIENTED_EDGE('',*,*,#1416,.T.);
#980=ORIENTED_EDGE('',*,*,#1428,.T.);
#981=ORIENTED_EDGE('',*,*,#1429,.F.);
#982=ORIENTED_EDGE('',*,*,#1415,.T.);
#983=ORIENTED_EDGE('',*,*,#1429,.T.);
#984=ORIENTED_EDGE('',*,*,#1430,.F.);
#985=ORIENTED_EDGE('',*,*,#1326,.T.);
#986=ORIENTED_EDGE('',*,*,#1430,.T.);
#987=ORIENTED_EDGE('',*,*,#1431,.F.);
#988=ORIENTED_EDGE('',*,*,#1409,.T.);
#989=ORIENTED_EDGE('',*,*,#1431,.T.);
#990=ORIENTED_EDGE('',*,*,#1423,.T.);
#991=ORIENTED_EDGE('',*,*,#1406,.F.);
#992=ORIENTED_EDGE('',*,*,#1425,.F.);
#993=ORIENTED_EDGE('',*,*,#1323,.F.);
#994=ORIENTED_EDGE('',*,*,#1432,.F.);
#995=ORIENTED_EDGE('',*,*,#1433,.F.);
#996=ORIENTED_EDGE('',*,*,#1434,.T.);
#997=ORIENTED_EDGE('',*,*,#1435,.T.);
#998=ORIENTED_EDGE('',*,*,#1436,.T.);
#999=ORIENTED_EDGE('',*,*,#1437,.T.);
#1000=ORIENTED_EDGE('',*,*,#1438,.F.);
#1001=ORIENTED_EDGE('',*,*,#1439,.F.);
#1002=ORIENTED_EDGE('',*,*,#1440,.F.);
#1003=ORIENTED_EDGE('',*,*,#1441,.T.);
#1004=ORIENTED_EDGE('',*,*,#1442,.T.);
#1005=ORIENTED_EDGE('',*,*,#1443,.F.);
#1006=ORIENTED_EDGE('',*,*,#1444,.F.);
#1007=ORIENTED_EDGE('',*,*,#1445,.T.);
#1008=ORIENTED_EDGE('',*,*,#1446,.T.);
#1009=ORIENTED_EDGE('',*,*,#1447,.F.);
#1010=ORIENTED_EDGE('',*,*,#1436,.F.);
#1011=ORIENTED_EDGE('',*,*,#1448,.F.);
#1012=ORIENTED_EDGE('',*,*,#1433,.T.);
#1013=ORIENTED_EDGE('',*,*,#1449,.F.);
#1014=ORIENTED_EDGE('',*,*,#1450,.T.);
#1015=ORIENTED_EDGE('',*,*,#1451,.T.);
#1016=ORIENTED_EDGE('',*,*,#1440,.T.);
#1017=ORIENTED_EDGE('',*,*,#1452,.T.);
#1018=ORIENTED_EDGE('',*,*,#1445,.F.);
#1019=ORIENTED_EDGE('',*,*,#1453,.F.);
#1020=ORIENTED_EDGE('',*,*,#1454,.F.);
#1021=ORIENTED_EDGE('',*,*,#1455,.T.);
#1022=ORIENTED_EDGE('',*,*,#1435,.F.);
#1023=ORIENTED_EDGE('',*,*,#1456,.T.);
#1024=ORIENTED_EDGE('',*,*,#1438,.T.);
#1025=ORIENTED_EDGE('',*,*,#1457,.F.);
#1026=ORIENTED_EDGE('',*,*,#1458,.T.);
#1027=ORIENTED_EDGE('',*,*,#1459,.T.);
#1028=ORIENTED_EDGE('',*,*,#1447,.T.);
#1029=ORIENTED_EDGE('',*,*,#1460,.F.);
#1030=ORIENTED_EDGE('',*,*,#1442,.F.);
#1031=ORIENTED_EDGE('',*,*,#1461,.F.);
#1032=ORIENTED_EDGE('',*,*,#1462,.F.);
#1033=ORIENTED_EDGE('',*,*,#1463,.T.);
#1034=ORIENTED_EDGE('',*,*,#1456,.F.);
#1035=ORIENTED_EDGE('',*,*,#1434,.F.);
#1036=ORIENTED_EDGE('',*,*,#1448,.T.);
#1037=ORIENTED_EDGE('',*,*,#1439,.T.);
#1038=ORIENTED_EDGE('',*,*,#1460,.T.);
#1039=ORIENTED_EDGE('',*,*,#1446,.F.);
#1040=ORIENTED_EDGE('',*,*,#1452,.F.);
#1041=ORIENTED_EDGE('',*,*,#1443,.T.);
#1042=ORIENTED_EDGE('',*,*,#1437,.F.);
#1043=ORIENTED_EDGE('',*,*,#1455,.F.);
#1044=ORIENTED_EDGE('',*,*,#1464,.T.);
#1045=ORIENTED_EDGE('',*,*,#1457,.T.);
#1046=ORIENTED_EDGE('',*,*,#1444,.T.);
#1047=ORIENTED_EDGE('',*,*,#1459,.F.);
#1048=ORIENTED_EDGE('',*,*,#1465,.F.);
#1049=ORIENTED_EDGE('',*,*,#1453,.T.);
#1050=ORIENTED_EDGE('',*,*,#1458,.F.);
#1051=ORIENTED_EDGE('',*,*,#1464,.F.);
#1052=ORIENTED_EDGE('',*,*,#1454,.T.);
#1053=ORIENTED_EDGE('',*,*,#1465,.T.);
#1054=ORIENTED_EDGE('',*,*,#1432,.T.);
#1055=ORIENTED_EDGE('',*,*,#1463,.F.);
#1056=ORIENTED_EDGE('',*,*,#1466,.F.);
#1057=ORIENTED_EDGE('',*,*,#1449,.T.);
#1058=ORIENTED_EDGE('',*,*,#1441,.F.);
#1059=ORIENTED_EDGE('',*,*,#1451,.F.);
#1060=ORIENTED_EDGE('',*,*,#1467,.T.);
#1061=ORIENTED_EDGE('',*,*,#1461,.T.);
#1062=ORIENTED_EDGE('',*,*,#1466,.T.);
#1063=ORIENTED_EDGE('',*,*,#1462,.T.);
#1064=ORIENTED_EDGE('',*,*,#1467,.F.);
#1065=ORIENTED_EDGE('',*,*,#1450,.F.);
#1066=ORIENTED_EDGE('',*,*,#1468,.F.);
#1067=ORIENTED_EDGE('',*,*,#1469,.T.);
#1068=ORIENTED_EDGE('',*,*,#1470,.T.);
#1069=ORIENTED_EDGE('',*,*,#1471,.T.);
#1070=ORIENTED_EDGE('',*,*,#1472,.F.);
#1071=ORIENTED_EDGE('',*,*,#1473,.T.);
#1072=ORIENTED_EDGE('',*,*,#1474,.T.);
#1073=ORIENTED_EDGE('',*,*,#1475,.F.);
#1074=ORIENTED_EDGE('',*,*,#1476,.F.);
#1075=ORIENTED_EDGE('',*,*,#1469,.F.);
#1076=ORIENTED_EDGE('',*,*,#1477,.T.);
#1077=ORIENTED_EDGE('',*,*,#1478,.F.);
#1078=ORIENTED_EDGE('',*,*,#1479,.F.);
#1079=ORIENTED_EDGE('',*,*,#1480,.T.);
#1080=ORIENTED_EDGE('',*,*,#1481,.F.);
#1081=ORIENTED_EDGE('',*,*,#1482,.F.);
#1082=ORIENTED_EDGE('',*,*,#1483,.T.);
#1083=ORIENTED_EDGE('',*,*,#1484,.T.);
#1084=ORIENTED_EDGE('',*,*,#1485,.F.);
#1085=ORIENTED_EDGE('',*,*,#1486,.F.);
#1086=ORIENTED_EDGE('',*,*,#1487,.F.);
#1087=ORIENTED_EDGE('',*,*,#1488,.T.);
#1088=ORIENTED_EDGE('',*,*,#1489,.F.);
#1089=ORIENTED_EDGE('',*,*,#1490,.F.);
#1090=ORIENTED_EDGE('',*,*,#1491,.F.);
#1091=ORIENTED_EDGE('',*,*,#1492,.T.);
#1092=ORIENTED_EDGE('',*,*,#1493,.T.);
#1093=ORIENTED_EDGE('',*,*,#1479,.T.);
#1094=ORIENTED_EDGE('',*,*,#1494,.T.);
#1095=ORIENTED_EDGE('',*,*,#1495,.F.);
#1096=ORIENTED_EDGE('',*,*,#1496,.F.);
#1097=ORIENTED_EDGE('',*,*,#1497,.T.);
#1098=ORIENTED_EDGE('',*,*,#1498,.T.);
#1099=ORIENTED_EDGE('',*,*,#1499,.T.);
#1100=ORIENTED_EDGE('',*,*,#1500,.F.);
#1101=ORIENTED_EDGE('',*,*,#1501,.F.);
#1102=ORIENTED_EDGE('',*,*,#1502,.T.);
#1103=ORIENTED_EDGE('',*,*,#1503,.T.);
#1104=ORIENTED_EDGE('',*,*,#1504,.F.);
#1105=ORIENTED_EDGE('',*,*,#1505,.F.);
#1106=ORIENTED_EDGE('',*,*,#1506,.T.);
#1107=ORIENTED_EDGE('',*,*,#1507,.T.);
#1108=ORIENTED_EDGE('',*,*,#1508,.F.);
#1109=ORIENTED_EDGE('',*,*,#1509,.F.);
#1110=ORIENTED_EDGE('',*,*,#1510,.T.);
#1111=ORIENTED_EDGE('',*,*,#1511,.T.);
#1112=ORIENTED_EDGE('',*,*,#1512,.F.);
#1113=ORIENTED_EDGE('',*,*,#1510,.F.);
#1114=ORIENTED_EDGE('',*,*,#1513,.F.);
#1115=ORIENTED_EDGE('',*,*,#1514,.T.);
#1116=ORIENTED_EDGE('',*,*,#1515,.T.);
#1117=ORIENTED_EDGE('',*,*,#1495,.T.);
#1118=ORIENTED_EDGE('',*,*,#1516,.T.);
#1119=ORIENTED_EDGE('',*,*,#1517,.F.);
#1120=ORIENTED_EDGE('',*,*,#1484,.F.);
#1121=ORIENTED_EDGE('',*,*,#1518,.T.);
#1122=ORIENTED_EDGE('',*,*,#1519,.F.);
#1123=ORIENTED_EDGE('',*,*,#1493,.F.);
#1124=ORIENTED_EDGE('',*,*,#1520,.T.);
#1125=ORIENTED_EDGE('',*,*,#1521,.F.);
#1126=ORIENTED_EDGE('',*,*,#1508,.T.);
#1127=ORIENTED_EDGE('',*,*,#1522,.T.);
#1128=ORIENTED_EDGE('',*,*,#1523,.F.);
#1129=ORIENTED_EDGE('',*,*,#1524,.T.);
#1130=ORIENTED_EDGE('',*,*,#1512,.T.);
#1131=ORIENTED_EDGE('',*,*,#1525,.F.);
#1132=ORIENTED_EDGE('',*,*,#1526,.F.);
#1133=ORIENTED_EDGE('',*,*,#1527,.T.);
#1134=ORIENTED_EDGE('',*,*,#1528,.F.);
#1135=ORIENTED_EDGE('',*,*,#1471,.F.);
#1136=ORIENTED_EDGE('',*,*,#1529,.T.);
#1137=ORIENTED_EDGE('',*,*,#1513,.T.);
#1138=ORIENTED_EDGE('',*,*,#1509,.T.);
#1139=ORIENTED_EDGE('',*,*,#1524,.F.);
#1140=ORIENTED_EDGE('',*,*,#1530,.T.);
#1141=ORIENTED_EDGE('',*,*,#1511,.F.);
#1142=ORIENTED_EDGE('',*,*,#1515,.F.);
#1143=ORIENTED_EDGE('',*,*,#1531,.T.);
#1144=ORIENTED_EDGE('',*,*,#1525,.T.);
#1145=ORIENTED_EDGE('',*,*,#1532,.F.);
#1146=ORIENTED_EDGE('',*,*,#1503,.F.);
#1147=ORIENTED_EDGE('',*,*,#1533,.T.);
#1148=ORIENTED_EDGE('',*,*,#1534,.T.);
#1149=ORIENTED_EDGE('',*,*,#1505,.T.);
#1150=ORIENTED_EDGE('',*,*,#1535,.T.);
#1151=ORIENTED_EDGE('',*,*,#1536,.F.);
#1152=ORIENTED_EDGE('',*,*,#1537,.F.);
#1153=ORIENTED_EDGE('',*,*,#1536,.T.);
#1154=ORIENTED_EDGE('',*,*,#1538,.T.);
#1155=ORIENTED_EDGE('',*,*,#1534,.F.);
#1156=ORIENTED_EDGE('',*,*,#1539,.F.);
#1157=ORIENTED_EDGE('',*,*,#1540,.T.);
#1158=ORIENTED_EDGE('',*,*,#1527,.F.);
#1159=ORIENTED_EDGE('',*,*,#1541,.F.);
#1160=ORIENTED_EDGE('',*,*,#1542,.F.);
#1161=ORIENTED_EDGE('',*,*,#1543,.F.);
#1162=ORIENTED_EDGE('',*,*,#1544,.T.);
#1163=ORIENTED_EDGE('',*,*,#1545,.F.);
#1164=ORIENTED_EDGE('',*,*,#1472,.T.);
#1165=ORIENTED_EDGE('',*,*,#1528,.T.);
#1166=ORIENTED_EDGE('',*,*,#1540,.F.);
#1167=ORIENTED_EDGE('',*,*,#1546,.F.);
#1168=ORIENTED_EDGE('',*,*,#1547,.F.);
#1169=ORIENTED_EDGE('',*,*,#1548,.F.);
#1170=ORIENTED_EDGE('',*,*,#1549,.F.);
#1171=ORIENTED_EDGE('',*,*,#1550,.T.);
#1172=ORIENTED_EDGE('',*,*,#1541,.T.);
#1173=ORIENTED_EDGE('',*,*,#1529,.F.);
#1174=ORIENTED_EDGE('',*,*,#1470,.F.);
#1175=ORIENTED_EDGE('',*,*,#1481,.T.);
#1176=ORIENTED_EDGE('',*,*,#1551,.T.);
#1177=ORIENTED_EDGE('',*,*,#1552,.F.);
#1178=ORIENTED_EDGE('',*,*,#1497,.F.);
#1179=ORIENTED_EDGE('',*,*,#1553,.T.);
#1180=ORIENTED_EDGE('',*,*,#1554,.F.);
#1181=ORIENTED_EDGE('',*,*,#1506,.F.);
#1182=ORIENTED_EDGE('',*,*,#1537,.T.);
#1183=ORIENTED_EDGE('',*,*,#1542,.T.);
#1184=ORIENTED_EDGE('',*,*,#1550,.F.);
#1185=ORIENTED_EDGE('',*,*,#1555,.F.);
#1186=ORIENTED_EDGE('',*,*,#1556,.F.);
#1187=ORIENTED_EDGE('',*,*,#1557,.F.);
#1188=ORIENTED_EDGE('',*,*,#1473,.F.);
#1189=ORIENTED_EDGE('',*,*,#1545,.T.);
#1190=ORIENTED_EDGE('',*,*,#1558,.T.);
#1191=ORIENTED_EDGE('',*,*,#1487,.T.);
#1192=ORIENTED_EDGE('',*,*,#1559,.T.);
#1193=ORIENTED_EDGE('',*,*,#1560,.F.);
#1194=ORIENTED_EDGE('',*,*,#1561,.F.);
#1195=ORIENTED_EDGE('',*,*,#1491,.T.);
#1196=ORIENTED_EDGE('',*,*,#1562,.F.);
#1197=ORIENTED_EDGE('',*,*,#1546,.T.);
#1198=ORIENTED_EDGE('',*,*,#1539,.T.);
#1199=ORIENTED_EDGE('',*,*,#1533,.F.);
#1200=ORIENTED_EDGE('',*,*,#1502,.F.);
#1201=ORIENTED_EDGE('',*,*,#1563,.T.);
#1202=ORIENTED_EDGE('',*,*,#1564,.F.);
#1203=ORIENTED_EDGE('',*,*,#1488,.F.);
#1204=ORIENTED_EDGE('',*,*,#1558,.F.);
#1205=ORIENTED_EDGE('',*,*,#1544,.F.);
#1206=ORIENTED_EDGE('',*,*,#1490,.T.);
#1207=ORIENTED_EDGE('',*,*,#1565,.T.);
#1208=ORIENTED_EDGE('',*,*,#1547,.T.);
#1209=ORIENTED_EDGE('',*,*,#1562,.T.);
#1210=ORIENTED_EDGE('',*,*,#1549,.T.);
#1211=ORIENTED_EDGE('',*,*,#1566,.T.);
#1212=ORIENTED_EDGE('',*,*,#1498,.F.);
#1213=ORIENTED_EDGE('',*,*,#1555,.T.);
#1214=ORIENTED_EDGE('',*,*,#1567,.F.);
#1215=ORIENTED_EDGE('',*,*,#1551,.F.);
#1216=ORIENTED_EDGE('',*,*,#1480,.F.);
#1217=ORIENTED_EDGE('',*,*,#1500,.T.);
#1218=ORIENTED_EDGE('',*,*,#1548,.T.);
#1219=ORIENTED_EDGE('',*,*,#1567,.T.);
#1220=ORIENTED_EDGE('',*,*,#1499,.F.);
#1221=ORIENTED_EDGE('',*,*,#1566,.F.);
#1222=ORIENTED_EDGE('',*,*,#1535,.F.);
#1223=ORIENTED_EDGE('',*,*,#1504,.T.);
#1224=ORIENTED_EDGE('',*,*,#1532,.T.);
#1225=ORIENTED_EDGE('',*,*,#1538,.F.);
#1226=ORIENTED_EDGE('',*,*,#1565,.F.);
#1227=ORIENTED_EDGE('',*,*,#1489,.T.);
#1228=ORIENTED_EDGE('',*,*,#1564,.T.);
#1229=ORIENTED_EDGE('',*,*,#1543,.T.);
#1230=ORIENTED_EDGE('',*,*,#1530,.F.);
#1231=ORIENTED_EDGE('',*,*,#1526,.T.);
#1232=ORIENTED_EDGE('',*,*,#1531,.F.);
#1233=ORIENTED_EDGE('',*,*,#1514,.F.);
#1234=ORIENTED_EDGE('',*,*,#1523,.T.);
#1235=ORIENTED_EDGE('',*,*,#1568,.F.);
#1236=ORIENTED_EDGE('',*,*,#1553,.F.);
#1237=ORIENTED_EDGE('',*,*,#1496,.T.);
#1238=ORIENTED_EDGE('',*,*,#1522,.F.);
#1239=ORIENTED_EDGE('',*,*,#1507,.F.);
#1240=ORIENTED_EDGE('',*,*,#1554,.T.);
#1241=ORIENTED_EDGE('',*,*,#1568,.T.);
#1242=ORIENTED_EDGE('',*,*,#1520,.F.);
#1243=ORIENTED_EDGE('',*,*,#1492,.F.);
#1244=ORIENTED_EDGE('',*,*,#1561,.T.);
#1245=ORIENTED_EDGE('',*,*,#1569,.T.);
#1246=ORIENTED_EDGE('',*,*,#1521,.T.);
#1247=ORIENTED_EDGE('',*,*,#1569,.F.);
#1248=ORIENTED_EDGE('',*,*,#1563,.F.);
#1249=ORIENTED_EDGE('',*,*,#1501,.T.);
#1250=ORIENTED_EDGE('',*,*,#1516,.F.);
#1251=ORIENTED_EDGE('',*,*,#1494,.F.);
#1252=ORIENTED_EDGE('',*,*,#1478,.T.);
#1253=ORIENTED_EDGE('',*,*,#1570,.T.);
#1254=ORIENTED_EDGE('',*,*,#1517,.T.);
#1255=ORIENTED_EDGE('',*,*,#1570,.F.);
#1256=ORIENTED_EDGE('',*,*,#1477,.F.);
#1257=ORIENTED_EDGE('',*,*,#1468,.T.);
#1258=ORIENTED_EDGE('',*,*,#1571,.F.);
#1259=ORIENTED_EDGE('',*,*,#1485,.T.);
#1260=ORIENTED_EDGE('',*,*,#1519,.T.);
#1261=ORIENTED_EDGE('',*,*,#1572,.F.);
#1262=ORIENTED_EDGE('',*,*,#1559,.F.);
#1263=ORIENTED_EDGE('',*,*,#1486,.T.);
#1264=ORIENTED_EDGE('',*,*,#1483,.F.);
#1265=ORIENTED_EDGE('',*,*,#1573,.T.);
#1266=ORIENTED_EDGE('',*,*,#1474,.F.);
#1267=ORIENTED_EDGE('',*,*,#1557,.T.);
#1268=ORIENTED_EDGE('',*,*,#1572,.T.);
#1269=ORIENTED_EDGE('',*,*,#1518,.F.);
#1270=ORIENTED_EDGE('',*,*,#1574,.F.);
#1271=ORIENTED_EDGE('',*,*,#1556,.T.);
#1272=ORIENTED_EDGE('',*,*,#1574,.T.);
#1273=ORIENTED_EDGE('',*,*,#1575,.F.);
#1274=ORIENTED_EDGE('',*,*,#1560,.T.);
#1275=ORIENTED_EDGE('',*,*,#1575,.T.);
#1276=ORIENTED_EDGE('',*,*,#1576,.F.);
#1277=ORIENTED_EDGE('',*,*,#1476,.T.);
#1278=ORIENTED_EDGE('',*,*,#1576,.T.);
#1279=ORIENTED_EDGE('',*,*,#1577,.F.);
#1280=ORIENTED_EDGE('',*,*,#1552,.T.);
#1281=ORIENTED_EDGE('',*,*,#1577,.T.);
#1282=ORIENTED_EDGE('',*,*,#1482,.T.);
#1283=ORIENTED_EDGE('',*,*,#1571,.T.);
#1284=ORIENTED_EDGE('',*,*,#1475,.T.);
#1285=ORIENTED_EDGE('',*,*,#1573,.F.);
#1286=EDGE_CURVE('',#1578,#1578,#1782,.T.);
#1287=EDGE_CURVE('',#1579,#1579,#1783,.T.);
#1288=EDGE_CURVE('',#1580,#1581,#10,.T.);
#1289=EDGE_CURVE('',#1582,#1581,#11,.T.);
#1290=EDGE_CURVE('',#1583,#1582,#12,.T.);
#1291=EDGE_CURVE('',#1583,#1580,#13,.T.);
#1292=EDGE_CURVE('',#1584,#1585,#14,.T.);
#1293=EDGE_CURVE('',#1586,#1584,#15,.T.);
#1294=EDGE_CURVE('',#1586,#1587,#16,.T.);
#1295=EDGE_CURVE('',#1587,#1585,#17,.T.);
#1296=EDGE_CURVE('',#1583,#1586,#18,.T.);
#1297=EDGE_CURVE('',#1582,#1587,#19,.T.);
#1298=EDGE_CURVE('',#1580,#1584,#20,.T.);
#1299=EDGE_CURVE('',#1581,#1585,#21,.T.);
#1300=EDGE_CURVE('',#1588,#1589,#22,.T.);
#1301=EDGE_CURVE('',#1590,#1588,#23,.T.);
#1302=EDGE_CURVE('',#1590,#1591,#24,.T.);
#1303=EDGE_CURVE('',#1591,#1589,#25,.T.);
#1304=EDGE_CURVE('',#1588,#1592,#26,.T.);
#1305=EDGE_CURVE('',#1593,#1592,#27,.T.);
#1306=EDGE_CURVE('',#1590,#1593,#28,.T.);
#1307=EDGE_CURVE('',#1592,#1594,#29,.T.);
#1308=EDGE_CURVE('',#1595,#1594,#30,.T.);
#1309=EDGE_CURVE('',#1593,#1595,#31,.T.);
#1310=EDGE_CURVE('',#1589,#1594,#32,.T.);
#1311=EDGE_CURVE('',#1591,#1595,#33,.T.);
#1312=EDGE_CURVE('',#1596,#1596,#1784,.T.);
#1313=EDGE_CURVE('',#1597,#1597,#1785,.T.);
#1314=EDGE_CURVE('',#1598,#1598,#1786,.T.);
#1315=EDGE_CURVE('',#1599,#1599,#1787,.T.);
#1316=EDGE_CURVE('',#1600,#1600,#1788,.T.);
#1317=EDGE_CURVE('',#1601,#1601,#1789,.T.);
#1318=EDGE_CURVE('',#1602,#1602,#1790,.T.);
#1319=EDGE_CURVE('',#1603,#1603,#1791,.T.);
#1320=EDGE_CURVE('',#1604,#1604,#1792,.T.);
#1321=EDGE_CURVE('',#1605,#1605,#1793,.T.);
#1322=EDGE_CURVE('',#1606,#1607,#34,.T.);
#1323=EDGE_CURVE('',#1606,#1608,#35,.T.);
#1324=EDGE_CURVE('',#1608,#1609,#36,.T.);
#1325=EDGE_CURVE('',#1607,#1609,#37,.T.);
#1326=EDGE_CURVE('',#1610,#1610,#1794,.T.);
#1327=EDGE_CURVE('',#1611,#1612,#38,.T.);
#1328=EDGE_CURVE('',#1611,#1613,#39,.T.);
#1329=EDGE_CURVE('',#1613,#1614,#40,.T.);
#1330=EDGE_CURVE('',#1615,#1614,#41,.T.);
#1331=EDGE_CURVE('',#1615,#1616,#42,.T.);
#1332=EDGE_CURVE('',#1616,#1612,#43,.T.);
#1333=EDGE_CURVE('',#1617,#1618,#44,.T.);
#1334=EDGE_CURVE('',#1618,#1619,#45,.T.);
#1335=EDGE_CURVE('',#1620,#1619,#46,.T.);
#1336=EDGE_CURVE('',#1617,#1620,#47,.T.);
#1337=EDGE_CURVE('',#1621,#1622,#48,.T.);
#1338=EDGE_CURVE('',#1621,#1623,#49,.T.);
#1339=EDGE_CURVE('',#1624,#1623,#50,.T.);
#1340=EDGE_CURVE('',#1624,#1625,#51,.T.);
#1341=EDGE_CURVE('',#1625,#1626,#52,.T.);
#1342=EDGE_CURVE('',#1627,#1626,#53,.T.);
#1343=EDGE_CURVE('',#1627,#1628,#54,.T.);
#1344=EDGE_CURVE('',#1628,#1629,#55,.T.);
#1345=EDGE_CURVE('',#1607,#1629,#56,.T.);
#1346=EDGE_CURVE('',#1609,#1630,#57,.T.);
#1347=EDGE_CURVE('',#1622,#1630,#58,.T.);
#1348=EDGE_CURVE('',#1631,#1624,#59,.T.);
#1349=EDGE_CURVE('',#1632,#1631,#60,.T.);
#1350=EDGE_CURVE('',#1633,#1632,#61,.T.);
#1351=EDGE_CURVE('',#1633,#1634,#62,.T.);
#1352=EDGE_CURVE('',#1634,#1635,#63,.T.);
#1353=EDGE_CURVE('',#1636,#1635,#64,.T.);
#1354=EDGE_CURVE('',#1636,#1625,#65,.T.);
#1355=EDGE_CURVE('',#1637,#1638,#66,.T.);
#1356=EDGE_CURVE('',#1637,#1621,#67,.T.);
#1357=EDGE_CURVE('',#1616,#1622,#68,.T.);
#1358=EDGE_CURVE('',#1639,#1615,#69,.T.);
#1359=EDGE_CURVE('',#1640,#1639,#70,.T.);
#1360=EDGE_CURVE('',#1640,#1638,#71,.T.);
#1361=EDGE_CURVE('',#1641,#1642,#72,.T.);
#1362=EDGE_CURVE('',#1642,#1628,#73,.T.);
#1363=EDGE_CURVE('',#1643,#1627,#74,.T.);
#1364=EDGE_CURVE('',#1643,#1644,#75,.T.);
#1365=EDGE_CURVE('',#1645,#1644,#76,.T.);
#1366=EDGE_CURVE('',#1645,#1646,#77,.T.);
#1367=EDGE_CURVE('',#1646,#1641,#78,.T.);
#1368=EDGE_CURVE('',#1647,#1618,#79,.T.);
#1369=EDGE_CURVE('',#1647,#1648,#80,.T.);
#1370=EDGE_CURVE('',#1648,#1619,#81,.T.);
#1371=EDGE_CURVE('',#1649,#1647,#82,.T.);
#1372=EDGE_CURVE('',#1649,#1650,#83,.T.);
#1373=EDGE_CURVE('',#1650,#1648,#84,.T.);
#1374=EDGE_CURVE('',#1651,#1652,#85,.T.);
#1375=EDGE_CURVE('',#1653,#1652,#86,.T.);
#1376=EDGE_CURVE('',#1654,#1653,#87,.T.);
#1377=EDGE_CURVE('',#1654,#1651,#88,.T.);
#1378=EDGE_CURVE('',#1617,#1649,#89,.T.);
#1379=EDGE_CURVE('',#1650,#1620,#90,.T.);
#1380=EDGE_CURVE('',#1655,#1640,#91,.T.);
#1381=EDGE_CURVE('',#1655,#1656,#92,.T.);
#1382=EDGE_CURVE('',#1638,#1656,#93,.T.);
#1383=EDGE_CURVE('',#1645,#1657,#94,.T.);
#1384=EDGE_CURVE('',#1658,#1644,#95,.T.);
#1385=EDGE_CURVE('',#1658,#1657,#96,.T.);
#1386=EDGE_CURVE('',#1659,#1614,#97,.T.);
#1387=EDGE_CURVE('',#1659,#1639,#98,.T.);
#1388=EDGE_CURVE('',#1646,#1660,#99,.T.);
#1389=EDGE_CURVE('',#1661,#1660,#100,.T.);
#1390=EDGE_CURVE('',#1661,#1641,#101,.T.);
#1391=EDGE_CURVE('',#1655,#1659,#102,.T.);
#1392=EDGE_CURVE('',#1651,#1613,#103,.T.);
#1393=EDGE_CURVE('',#1654,#1662,#104,.T.);
#1394=EDGE_CURVE('',#1656,#1662,#105,.T.);
#1395=EDGE_CURVE('',#1660,#1657,#106,.T.);
#1396=EDGE_CURVE('',#1658,#1663,#107,.T.);
#1397=EDGE_CURVE('',#1653,#1663,#108,.T.);
#1398=EDGE_CURVE('',#1652,#1664,#109,.T.);
#1399=EDGE_CURVE('',#1664,#1661,#110,.T.);
#1400=EDGE_CURVE('',#1665,#1666,#111,.T.);
#1401=EDGE_CURVE('',#1665,#1667,#112,.T.);
#1402=EDGE_CURVE('',#1667,#1662,#113,.T.);
#1403=EDGE_CURVE('',#1663,#1668,#114,.T.);
#1404=EDGE_CURVE('',#1666,#1668,#115,.T.);
#1405=EDGE_CURVE('',#1611,#1669,#116,.T.);
#1406=EDGE_CURVE('',#1669,#1670,#117,.T.);
#1407=EDGE_CURVE('',#1671,#1670,#118,.T.);
#1408=EDGE_CURVE('',#1664,#1671,#119,.T.);
#1409=EDGE_CURVE('',#1672,#1672,#1795,.T.);
#1410=EDGE_CURVE('',#1631,#1673,#120,.T.);
#1411=EDGE_CURVE('',#1637,#1673,#121,.T.);
#1412=EDGE_CURVE('',#1632,#1667,#122,.T.);
#1413=EDGE_CURVE('',#1671,#1674,#123,.T.);
#1414=EDGE_CURVE('',#1642,#1674,#124,.T.);
#1415=EDGE_CURVE('',#1675,#1675,#1796,.T.);
#1416=EDGE_CURVE('',#1676,#1676,#1797,.T.);
#1417=EDGE_CURVE('',#1636,#1677,#125,.T.);
#1418=EDGE_CURVE('',#1635,#1668,#126,.T.);
#1419=EDGE_CURVE('',#1643,#1677,#127,.T.);
#1420=EDGE_CURVE('',#1634,#1666,#128,.T.);
#1421=EDGE_CURVE('',#1633,#1665,#129,.T.);
#1422=EDGE_CURVE('',#1674,#1629,#130,.T.);
#1423=EDGE_CURVE('',#1606,#1670,#131,.T.);
#1424=EDGE_CURVE('',#1612,#1630,#132,.T.);
#1425=EDGE_CURVE('',#1608,#1669,#133,.T.);
#1426=EDGE_CURVE('',#1677,#1626,#134,.T.);
#1427=EDGE_CURVE('',#1673,#1623,#135,.T.);
#1428=EDGE_CURVE('',#1678,#1678,#1798,.T.);
#1429=EDGE_CURVE('',#1679,#1679,#1799,.T.);
#1430=EDGE_CURVE('',#1680,#1680,#1800,.T.);
#1431=EDGE_CURVE('',#1681,#1681,#1801,.T.);
#1432=EDGE_CURVE('',#1682,#1683,#136,.T.);
#1433=EDGE_CURVE('',#1684,#1682,#137,.T.);
#1434=EDGE_CURVE('',#1684,#1685,#138,.T.);
#1435=EDGE_CURVE('',#1685,#1683,#139,.T.);
#1436=EDGE_CURVE('',#1686,#1687,#140,.T.);
#1437=EDGE_CURVE('',#1687,#1688,#141,.T.);
#1438=EDGE_CURVE('',#1689,#1688,#142,.T.);
#1439=EDGE_CURVE('',#1686,#1689,#143,.T.);
#1440=EDGE_CURVE('',#1690,#1691,#144,.T.);
#1441=EDGE_CURVE('',#1690,#1692,#145,.T.);
#1442=EDGE_CURVE('',#1692,#1693,#146,.T.);
#1443=EDGE_CURVE('',#1691,#1693,#147,.T.);
#1444=EDGE_CURVE('',#1694,#1695,#148,.T.);
#1445=EDGE_CURVE('',#1694,#1696,#149,.T.);
#1446=EDGE_CURVE('',#1696,#1697,#150,.T.);
#1447=EDGE_CURVE('',#1695,#1697,#151,.T.);
#1448=EDGE_CURVE('',#1684,#1686,#152,.T.);
#1449=EDGE_CURVE('',#1698,#1682,#153,.T.);
#1450=EDGE_CURVE('',#1698,#1699,#154,.T.);
#1451=EDGE_CURVE('',#1699,#1690,#155,.T.);
#1452=EDGE_CURVE('',#1691,#1696,#156,.T.);
#1453=EDGE_CURVE('',#1700,#1694,#157,.T.);
#1454=EDGE_CURVE('',#1701,#1700,#158,.T.);
#1455=EDGE_CURVE('',#1701,#1687,#159,.T.);
#1456=EDGE_CURVE('',#1685,#1689,#160,.T.);
#1457=EDGE_CURVE('',#1702,#1688,#161,.T.);
#1458=EDGE_CURVE('',#1702,#1703,#162,.T.);
#1459=EDGE_CURVE('',#1703,#1695,#163,.T.);
#1460=EDGE_CURVE('',#1693,#1697,#164,.T.);
#1461=EDGE_CURVE('',#1704,#1692,#165,.T.);
#1462=EDGE_CURVE('',#1705,#1704,#166,.T.);
#1463=EDGE_CURVE('',#1705,#1683,#167,.T.);
#1464=EDGE_CURVE('',#1701,#1702,#168,.T.);
#1465=EDGE_CURVE('',#1700,#1703,#169,.T.);
#1466=EDGE_CURVE('',#1698,#1705,#170,.T.);
#1467=EDGE_CURVE('',#1699,#1704,#171,.T.);
#1468=EDGE_CURVE('',#1706,#1707,#172,.T.);
#1469=EDGE_CURVE('',#1706,#1708,#173,.T.);
#1470=EDGE_CURVE('',#1708,#1709,#174,.T.);
#1471=EDGE_CURVE('',#1709,#1710,#175,.T.);
#1472=EDGE_CURVE('',#1711,#1710,#176,.T.);
#1473=EDGE_CURVE('',#1711,#1712,#177,.T.);
#1474=EDGE_CURVE('',#1712,#1713,#178,.T.);
#1475=EDGE_CURVE('',#1707,#1713,#179,.T.);
#1476=EDGE_CURVE('',#1714,#1714,#1802,.T.);
#1477=EDGE_CURVE('',#1706,#1715,#180,.T.);
#1478=EDGE_CURVE('',#1716,#1715,#181,.T.);
#1479=EDGE_CURVE('',#1717,#1716,#182,.T.);
#1480=EDGE_CURVE('',#1717,#1718,#183,.T.);
#1481=EDGE_CURVE('',#1708,#1718,#184,.T.);
#1482=EDGE_CURVE('',#1719,#1720,#185,.T.);
#1483=EDGE_CURVE('',#1719,#1721,#186,.T.);
#1484=EDGE_CURVE('',#1721,#1722,#187,.T.);
#1485=EDGE_CURVE('',#1720,#1722,#188,.T.);
#1486=EDGE_CURVE('',#1723,#1724,#189,.T.);
#1487=EDGE_CURVE('',#1725,#1723,#190,.T.);
#1488=EDGE_CURVE('',#1725,#1726,#191,.T.);
#1489=EDGE_CURVE('',#1727,#1726,#192,.T.);
#1490=EDGE_CURVE('',#1728,#1727,#193,.T.);
#1491=EDGE_CURVE('',#1729,#1728,#194,.T.);
#1492=EDGE_CURVE('',#1729,#1730,#195,.T.);
#1493=EDGE_CURVE('',#1730,#1724,#196,.T.);
#1494=EDGE_CURVE('',#1716,#1731,#197,.T.);
#1495=EDGE_CURVE('',#1732,#1731,#198,.T.);
#1496=EDGE_CURVE('',#1733,#1732,#199,.T.);
#1497=EDGE_CURVE('',#1733,#1734,#200,.T.);
#1498=EDGE_CURVE('',#1734,#1735,#201,.T.);
#1499=EDGE_CURVE('',#1735,#1736,#202,.T.);
#1500=EDGE_CURVE('',#1717,#1736,#203,.T.);
#1501=EDGE_CURVE('',#1737,#1738,#204,.T.);
#1502=EDGE_CURVE('',#1737,#1739,#205,.T.);
#1503=EDGE_CURVE('',#1739,#1740,#206,.T.);
#1504=EDGE_CURVE('',#1741,#1740,#207,.T.);
#1505=EDGE_CURVE('',#1742,#1741,#208,.T.);
#1506=EDGE_CURVE('',#1742,#1743,#209,.T.);
#1507=EDGE_CURVE('',#1743,#1744,#210,.T.);
#1508=EDGE_CURVE('',#1738,#1744,#211,.T.);
#1509=EDGE_CURVE('',#1745,#1746,#212,.T.);
#1510=EDGE_CURVE('',#1745,#1747,#213,.T.);
#1511=EDGE_CURVE('',#1747,#1748,#214,.T.);
#1512=EDGE_CURVE('',#1746,#1748,#215,.T.);
#1513=EDGE_CURVE('',#1749,#1745,#216,.T.);
#1514=EDGE_CURVE('',#1749,#1750,#217,.T.);
#1515=EDGE_CURVE('',#1750,#1747,#218,.T.);
#1516=EDGE_CURVE('',#1731,#1751,#219,.T.);
#1517=EDGE_CURVE('',#1722,#1751,#220,.T.);
#1518=EDGE_CURVE('',#1721,#1752,#221,.T.);
#1519=EDGE_CURVE('',#1724,#1752,#222,.T.);
#1520=EDGE_CURVE('',#1730,#1753,#223,.T.);
#1521=EDGE_CURVE('',#1738,#1753,#224,.T.);
#1522=EDGE_CURVE('',#1744,#1754,#225,.T.);
#1523=EDGE_CURVE('',#1732,#1754,#226,.T.);
#1524=EDGE_CURVE('',#1755,#1746,#227,.T.);
#1525=EDGE_CURVE('',#1756,#1748,#228,.T.);
#1526=EDGE_CURVE('',#1755,#1756,#229,.T.);
#1527=EDGE_CURVE('',#1757,#1758,#230,.T.);
#1528=EDGE_CURVE('',#1710,#1758,#231,.T.);
#1529=EDGE_CURVE('',#1709,#1757,#232,.T.);
#1530=EDGE_CURVE('',#1755,#1749,#233,.T.);
#1531=EDGE_CURVE('',#1750,#1756,#234,.T.);
#1532=EDGE_CURVE('',#1740,#1759,#235,.T.);
#1533=EDGE_CURVE('',#1739,#1760,#236,.T.);
#1534=EDGE_CURVE('',#1760,#1759,#237,.T.);
#1535=EDGE_CURVE('',#1741,#1761,#238,.T.);
#1536=EDGE_CURVE('',#1762,#1761,#239,.T.);
#1537=EDGE_CURVE('',#1742,#1762,#240,.T.);
#1538=EDGE_CURVE('',#1761,#1759,#241,.T.);
#1539=EDGE_CURVE('',#1763,#1760,#242,.T.);
#1540=EDGE_CURVE('',#1763,#1758,#243,.T.);
#1541=EDGE_CURVE('',#1764,#1757,#244,.T.);
#1542=EDGE_CURVE('',#1762,#1764,#245,.T.);
#1543=EDGE_CURVE('',#1765,#1766,#246,.T.);
#1544=EDGE_CURVE('',#1765,#1767,#247,.T.);
#1545=EDGE_CURVE('',#1711,#1767,#248,.T.);
#1546=EDGE_CURVE('',#1768,#1763,#249,.T.);
#1547=EDGE_CURVE('',#1766,#1768,#250,.T.);
#1548=EDGE_CURVE('',#1769,#1770,#251,.T.);
#1549=EDGE_CURVE('',#1771,#1769,#252,.T.);
#1550=EDGE_CURVE('',#1771,#1764,#253,.T.);
#1551=EDGE_CURVE('',#1718,#1770,#254,.T.);
#1552=EDGE_CURVE('',#1772,#1772,#1803,.T.);
#1553=EDGE_CURVE('',#1733,#1773,#255,.T.);
#1554=EDGE_CURVE('',#1743,#1773,#256,.T.);
#1555=EDGE_CURVE('',#1734,#1771,#257,.T.);
#1556=EDGE_CURVE('',#1774,#1774,#1804,.T.);
#1557=EDGE_CURVE('',#1712,#1775,#258,.T.);
#1558=EDGE_CURVE('',#1767,#1725,#259,.T.);
#1559=EDGE_CURVE('',#1723,#1775,#260,.T.);
#1560=EDGE_CURVE('',#1776,#1776,#1805,.T.);
#1561=EDGE_CURVE('',#1729,#1777,#261,.T.);
#1562=EDGE_CURVE('',#1768,#1728,#262,.T.);
#1563=EDGE_CURVE('',#1737,#1777,#263,.T.);
#1564=EDGE_CURVE('',#1726,#1765,#264,.T.);
#1565=EDGE_CURVE('',#1727,#1766,#265,.T.);
#1566=EDGE_CURVE('',#1769,#1735,#266,.T.);
#1567=EDGE_CURVE('',#1770,#1736,#267,.T.);
#1568=EDGE_CURVE('',#1773,#1754,#268,.T.);
#1569=EDGE_CURVE('',#1777,#1753,#269,.T.);
#1570=EDGE_CURVE('',#1715,#1751,#270,.T.);
#1571=EDGE_CURVE('',#1720,#1707,#271,.T.);
#1572=EDGE_CURVE('',#1775,#1752,#272,.T.);
#1573=EDGE_CURVE('',#1719,#1713,#273,.T.);
#1574=EDGE_CURVE('',#1778,#1778,#1806,.T.);
#1575=EDGE_CURVE('',#1779,#1779,#1807,.T.);
#1576=EDGE_CURVE('',#1780,#1780,#1808,.T.);
#1577=EDGE_CURVE('',#1781,#1781,#1809,.T.);
#1578=VERTEX_POINT('',#3085);
#1579=VERTEX_POINT('',#3087);
#1580=VERTEX_POINT('',#3093);
#1581=VERTEX_POINT('',#3094);
#1582=VERTEX_POINT('',#3096);
#1583=VERTEX_POINT('',#3098);
#1584=VERTEX_POINT('',#3102);
#1585=VERTEX_POINT('',#3103);
#1586=VERTEX_POINT('',#3105);
#1587=VERTEX_POINT('',#3107);
#1588=VERTEX_POINT('',#3121);
#1589=VERTEX_POINT('',#3122);
#1590=VERTEX_POINT('',#3124);
#1591=VERTEX_POINT('',#3126);
#1592=VERTEX_POINT('',#3130);
#1593=VERTEX_POINT('',#3132);
#1594=VERTEX_POINT('',#3136);
#1595=VERTEX_POINT('',#3138);
#1596=VERTEX_POINT('',#3145);
#1597=VERTEX_POINT('',#3147);
#1598=VERTEX_POINT('',#3149);
#1599=VERTEX_POINT('',#3151);
#1600=VERTEX_POINT('',#3153);
#1601=VERTEX_POINT('',#3156);
#1602=VERTEX_POINT('',#3158);
#1603=VERTEX_POINT('',#3160);
#1604=VERTEX_POINT('',#3162);
#1605=VERTEX_POINT('',#3164);
#1606=VERTEX_POINT('',#3173);
#1607=VERTEX_POINT('',#3174);
#1608=VERTEX_POINT('',#3176);
#1609=VERTEX_POINT('',#3178);
#1610=VERTEX_POINT('',#3182);
#1611=VERTEX_POINT('',#3184);
#1612=VERTEX_POINT('',#3185);
#1613=VERTEX_POINT('',#3187);
#1614=VERTEX_POINT('',#3189);
#1615=VERTEX_POINT('',#3191);
#1616=VERTEX_POINT('',#3193);
#1617=VERTEX_POINT('',#3197);
#1618=VERTEX_POINT('',#3198);
#1619=VERTEX_POINT('',#3200);
#1620=VERTEX_POINT('',#3202);
#1621=VERTEX_POINT('',#3205);
#1622=VERTEX_POINT('',#3206);
#1623=VERTEX_POINT('',#3208);
#1624=VERTEX_POINT('',#3210);
#1625=VERTEX_POINT('',#3212);
#1626=VERTEX_POINT('',#3214);
#1627=VERTEX_POINT('',#3216);
#1628=VERTEX_POINT('',#3218);
#1629=VERTEX_POINT('',#3220);
#1630=VERTEX_POINT('',#3223);
#1631=VERTEX_POINT('',#3227);
#1632=VERTEX_POINT('',#3229);
#1633=VERTEX_POINT('',#3231);
#1634=VERTEX_POINT('',#3233);
#1635=VERTEX_POINT('',#3235);
#1636=VERTEX_POINT('',#3237);
#1637=VERTEX_POINT('',#3241);
#1638=VERTEX_POINT('',#3242);
#1639=VERTEX_POINT('',#3246);
#1640=VERTEX_POINT('',#3248);
#1641=VERTEX_POINT('',#3252);
#1642=VERTEX_POINT('',#3253);
#1643=VERTEX_POINT('',#3256);
#1644=VERTEX_POINT('',#3258);
#1645=VERTEX_POINT('',#3260);
#1646=VERTEX_POINT('',#3262);
#1647=VERTEX_POINT('',#3266);
#1648=VERTEX_POINT('',#3268);
#1649=VERTEX_POINT('',#3272);
#1650=VERTEX_POINT('',#3274);
#1651=VERTEX_POINT('',#3277);
#1652=VERTEX_POINT('',#3278);
#1653=VERTEX_POINT('',#3280);
#1654=VERTEX_POINT('',#3282);
#1655=VERTEX_POINT('',#3290);
#1656=VERTEX_POINT('',#3292);
#1657=VERTEX_POINT('',#3296);
#1658=VERTEX_POINT('',#3298);
#1659=VERTEX_POINT('',#3302);
#1660=VERTEX_POINT('',#3306);
#1661=VERTEX_POINT('',#3308);
#1662=VERTEX_POINT('',#3314);
#1663=VERTEX_POINT('',#3319);
#1664=VERTEX_POINT('',#3322);
#1665=VERTEX_POINT('',#3326);
#1666=VERTEX_POINT('',#3327);
#1667=VERTEX_POINT('',#3329);
#1668=VERTEX_POINT('',#3332);
#1669=VERTEX_POINT('',#3336);
#1670=VERTEX_POINT('',#3338);
#1671=VERTEX_POINT('',#3340);
#1672=VERTEX_POINT('',#3344);
#1673=VERTEX_POINT('',#3346);
#1674=VERTEX_POINT('',#3351);
#1675=VERTEX_POINT('',#3354);
#1676=VERTEX_POINT('',#3357);
#1677=VERTEX_POINT('',#3359);
#1678=VERTEX_POINT('',#3386);
#1679=VERTEX_POINT('',#3390);
#1680=VERTEX_POINT('',#3394);
#1681=VERTEX_POINT('',#3398);
#1682=VERTEX_POINT('',#3405);
#1683=VERTEX_POINT('',#3406);
#1684=VERTEX_POINT('',#3408);
#1685=VERTEX_POINT('',#3410);
#1686=VERTEX_POINT('',#3414);
#1687=VERTEX_POINT('',#3415);
#1688=VERTEX_POINT('',#3417);
#1689=VERTEX_POINT('',#3419);
#1690=VERTEX_POINT('',#3423);
#1691=VERTEX_POINT('',#3424);
#1692=VERTEX_POINT('',#3426);
#1693=VERTEX_POINT('',#3428);
#1694=VERTEX_POINT('',#3432);
#1695=VERTEX_POINT('',#3433);
#1696=VERTEX_POINT('',#3435);
#1697=VERTEX_POINT('',#3437);
#1698=VERTEX_POINT('',#3442);
#1699=VERTEX_POINT('',#3444);
#1700=VERTEX_POINT('',#3448);
#1701=VERTEX_POINT('',#3450);
#1702=VERTEX_POINT('',#3455);
#1703=VERTEX_POINT('',#3457);
#1704=VERTEX_POINT('',#3461);
#1705=VERTEX_POINT('',#3463);
#1706=VERTEX_POINT('',#3481);
#1707=VERTEX_POINT('',#3482);
#1708=VERTEX_POINT('',#3484);
#1709=VERTEX_POINT('',#3486);
#1710=VERTEX_POINT('',#3488);
#1711=VERTEX_POINT('',#3490);
#1712=VERTEX_POINT('',#3492);
#1713=VERTEX_POINT('',#3494);
#1714=VERTEX_POINT('',#3498);
#1715=VERTEX_POINT('',#3500);
#1716=VERTEX_POINT('',#3502);
#1717=VERTEX_POINT('',#3504);
#1718=VERTEX_POINT('',#3506);
#1719=VERTEX_POINT('',#3510);
#1720=VERTEX_POINT('',#3511);
#1721=VERTEX_POINT('',#3513);
#1722=VERTEX_POINT('',#3515);
#1723=VERTEX_POINT('',#3519);
#1724=VERTEX_POINT('',#3520);
#1725=VERTEX_POINT('',#3522);
#1726=VERTEX_POINT('',#3524);
#1727=VERTEX_POINT('',#3526);
#1728=VERTEX_POINT('',#3528);
#1729=VERTEX_POINT('',#3530);
#1730=VERTEX_POINT('',#3532);
#1731=VERTEX_POINT('',#3536);
#1732=VERTEX_POINT('',#3538);
#1733=VERTEX_POINT('',#3540);
#1734=VERTEX_POINT('',#3542);
#1735=VERTEX_POINT('',#3544);
#1736=VERTEX_POINT('',#3546);
#1737=VERTEX_POINT('',#3550);
#1738=VERTEX_POINT('',#3551);
#1739=VERTEX_POINT('',#3553);
#1740=VERTEX_POINT('',#3555);
#1741=VERTEX_POINT('',#3557);
#1742=VERTEX_POINT('',#3559);
#1743=VERTEX_POINT('',#3561);
#1744=VERTEX_POINT('',#3563);
#1745=VERTEX_POINT('',#3567);
#1746=VERTEX_POINT('',#3568);
#1747=VERTEX_POINT('',#3570);
#1748=VERTEX_POINT('',#3572);
#1749=VERTEX_POINT('',#3576);
#1750=VERTEX_POINT('',#3578);
#1751=VERTEX_POINT('',#3581);
#1752=VERTEX_POINT('',#3584);
#1753=VERTEX_POINT('',#3587);
#1754=VERTEX_POINT('',#3590);
#1755=VERTEX_POINT('',#3594);
#1756=VERTEX_POINT('',#3596);
#1757=VERTEX_POINT('',#3599);
#1758=VERTEX_POINT('',#3600);
#1759=VERTEX_POINT('',#3609);
#1760=VERTEX_POINT('',#3611);
#1761=VERTEX_POINT('',#3615);
#1762=VERTEX_POINT('',#3617);
#1763=VERTEX_POINT('',#3622);
#1764=VERTEX_POINT('',#3625);
#1765=VERTEX_POINT('',#3629);
#1766=VERTEX_POINT('',#3630);
#1767=VERTEX_POINT('',#3632);
#1768=VERTEX_POINT('',#3635);
#1769=VERTEX_POINT('',#3639);
#1770=VERTEX_POINT('',#3640);
#1771=VERTEX_POINT('',#3642);
#1772=VERTEX_POINT('',#3647);
#1773=VERTEX_POINT('',#3649);
#1774=VERTEX_POINT('',#3654);
#1775=VERTEX_POINT('',#3656);
#1776=VERTEX_POINT('',#3661);
#1777=VERTEX_POINT('',#3663);
#1778=VERTEX_POINT('',#3694);
#1779=VERTEX_POINT('',#3698);
#1780=VERTEX_POINT('',#3702);
#1781=VERTEX_POINT('',#3706);
#1782=CIRCLE('',#2334,0.0009);
#1783=CIRCLE('',#2335,0.0009);
#1784=CIRCLE('',#2352,0.002);
#1785=CIRCLE('',#2353,0.002);
#1786=CIRCLE('',#2354,0.0265);
#1787=CIRCLE('',#2355,0.002);
#1788=CIRCLE('',#2356,0.002);
#1789=CIRCLE('',#2358,0.002);
#1790=CIRCLE('',#2359,0.002);
#1791=CIRCLE('',#2360,0.0265);
#1792=CIRCLE('',#2361,0.002);
#1793=CIRCLE('',#2362,0.002);
#1794=CIRCLE('',#2371,0.001);
#1795=CIRCLE('',#2389,0.001);
#1796=CIRCLE('',#2391,0.001);
#1797=CIRCLE('',#2393,0.001);
#1798=CIRCLE('',#2409,0.001);
#1799=CIRCLE('',#2412,0.001);
#1800=CIRCLE('',#2415,0.001);
#1801=CIRCLE('',#2418,0.001);
#1802=CIRCLE('',#2441,0.001);
#1803=CIRCLE('',#2457,0.001);
#1804=CIRCLE('',#2459,0.001);
#1805=CIRCLE('',#2461,0.001);
#1806=CIRCLE('',#2479,0.001);
#1807=CIRCLE('',#2482,0.001);
#1808=CIRCLE('',#2485,0.001);
#1809=CIRCLE('',#2488,0.001);
#1810=EDGE_LOOP('',(#702));
#1811=EDGE_LOOP('',(#703));
#1812=EDGE_LOOP('',(#704));
#1813=EDGE_LOOP('',(#705));
#1814=EDGE_LOOP('',(#706,#707,#708,#709));
#1815=EDGE_LOOP('',(#710,#711,#712,#713));
#1816=EDGE_LOOP('',(#714,#715,#716,#717));
#1817=EDGE_LOOP('',(#718,#719,#720,#721));
#1818=EDGE_LOOP('',(#722,#723,#724,#725));
#1819=EDGE_LOOP('',(#726,#727,#728,#729));
#1820=EDGE_LOOP('',(#730,#731,#732,#733));
#1821=EDGE_LOOP('',(#734,#735,#736,#737));
#1822=EDGE_LOOP('',(#738,#739,#740,#741));
#1823=EDGE_LOOP('',(#742,#743,#744,#745));
#1824=EDGE_LOOP('',(#746));
#1825=EDGE_LOOP('',(#747));
#1826=EDGE_LOOP('',(#748));
#1827=EDGE_LOOP('',(#749));
#1828=EDGE_LOOP('',(#750));
#1829=EDGE_LOOP('',(#751,#752,#753,#754));
#1830=EDGE_LOOP('',(#755));
#1831=EDGE_LOOP('',(#756));
#1832=EDGE_LOOP('',(#757));
#1833=EDGE_LOOP('',(#758));
#1834=EDGE_LOOP('',(#759));
#1835=EDGE_LOOP('',(#760,#761,#762,#763));
#1836=EDGE_LOOP('',(#764));
#1837=EDGE_LOOP('',(#765));
#1838=EDGE_LOOP('',(#766));
#1839=EDGE_LOOP('',(#767));
#1840=EDGE_LOOP('',(#768));
#1841=EDGE_LOOP('',(#769));
#1842=EDGE_LOOP('',(#770));
#1843=EDGE_LOOP('',(#771));
#1844=EDGE_LOOP('',(#772));
#1845=EDGE_LOOP('',(#773));
#1846=EDGE_LOOP('',(#774,#775,#776,#777));
#1847=EDGE_LOOP('',(#778));
#1848=EDGE_LOOP('',(#779,#780,#781,#782,#783,#784));
#1849=EDGE_LOOP('',(#785,#786,#787,#788));
#1850=EDGE_LOOP('',(#789,#790,#791,#792,#793,#794,#795,#796,#797,#798,#799,
#800));
#1851=EDGE_LOOP('',(#801,#802,#803,#804,#805,#806,#807,#808));
#1852=EDGE_LOOP('',(#809,#810,#811,#812,#813,#814,#815,#816));
#1853=EDGE_LOOP('',(#817,#818,#819,#820,#821,#822,#823,#824));
#1854=EDGE_LOOP('',(#825,#826,#827,#828));
#1855=EDGE_LOOP('',(#829,#830,#831,#832));
#1856=EDGE_LOOP('',(#833,#834,#835,#836));
#1857=EDGE_LOOP('',(#837,#838,#839,#840));
#1858=EDGE_LOOP('',(#841,#842,#843,#844));
#1859=EDGE_LOOP('',(#845,#846,#847,#848));
#1860=EDGE_LOOP('',(#849,#850,#851,#852));
#1861=EDGE_LOOP('',(#853,#854,#855,#856));
#1862=EDGE_LOOP('',(#857,#858,#859,#860));
#1863=EDGE_LOOP('',(#861,#862,#863,#864,#865,#866,#867,#868));
#1864=EDGE_LOOP('',(#869,#870,#871,#872,#873,#874,#875,#876));
#1865=EDGE_LOOP('',(#877,#878,#879,#880,#881,#882,#883,#884));
#1866=EDGE_LOOP('',(#885,#886,#887,#888,#889,#890,#891,#892));
#1867=EDGE_LOOP('',(#893));
#1868=EDGE_LOOP('',(#894,#895,#896,#897,#898,#899,#900,#901));
#1869=EDGE_LOOP('',(#902,#903,#904,#905,#906,#907));
#1870=EDGE_LOOP('',(#908));
#1871=EDGE_LOOP('',(#909));
#1872=EDGE_LOOP('',(#910,#911,#912,#913,#914,#915,#916,#917));
#1873=EDGE_LOOP('',(#918,#919,#920,#921));
#1874=EDGE_LOOP('',(#922,#923,#924,#925));
#1875=EDGE_LOOP('',(#926,#927,#928,#929));
#1876=EDGE_LOOP('',(#930,#931,#932,#933));
#1877=EDGE_LOOP('',(#934,#935,#936,#937));
#1878=EDGE_LOOP('',(#938,#939,#940,#941));
#1879=EDGE_LOOP('',(#942,#943,#944,#945));
#1880=EDGE_LOOP('',(#946,#947,#948,#949,#950,#951));
#1881=EDGE_LOOP('',(#952,#953,#954,#955));
#1882=EDGE_LOOP('',(#956,#957,#958,#959,#960,#961));
#1883=EDGE_LOOP('',(#962,#963,#964,#965));
#1884=EDGE_LOOP('',(#966,#967,#968,#969));
#1885=EDGE_LOOP('',(#970,#971,#972,#973));
#1886=EDGE_LOOP('',(#974,#975,#976,#977));
#1887=EDGE_LOOP('',(#978));
#1888=EDGE_LOOP('',(#979));
#1889=EDGE_LOOP('',(#980));
#1890=EDGE_LOOP('',(#981));
#1891=EDGE_LOOP('',(#982));
#1892=EDGE_LOOP('',(#983));
#1893=EDGE_LOOP('',(#984));
#1894=EDGE_LOOP('',(#985));
#1895=EDGE_LOOP('',(#986));
#1896=EDGE_LOOP('',(#987));
#1897=EDGE_LOOP('',(#988));
#1898=EDGE_LOOP('',(#989));
#1899=EDGE_LOOP('',(#990,#991,#992,#993));
#1900=EDGE_LOOP('',(#994,#995,#996,#997));
#1901=EDGE_LOOP('',(#998,#999,#1000,#1001));
#1902=EDGE_LOOP('',(#1002,#1003,#1004,#1005));
#1903=EDGE_LOOP('',(#1006,#1007,#1008,#1009));
#1904=EDGE_LOOP('',(#1010,#1011,#1012,#1013,#1014,#1015,#1016,#1017,#1018,
#1019,#1020,#1021));
#1905=EDGE_LOOP('',(#1022,#1023,#1024,#1025,#1026,#1027,#1028,#1029,#1030,
#1031,#1032,#1033));
#1906=EDGE_LOOP('',(#1034,#1035,#1036,#1037));
#1907=EDGE_LOOP('',(#1038,#1039,#1040,#1041));
#1908=EDGE_LOOP('',(#1042,#1043,#1044,#1045));
#1909=EDGE_LOOP('',(#1046,#1047,#1048,#1049));
#1910=EDGE_LOOP('',(#1050,#1051,#1052,#1053));
#1911=EDGE_LOOP('',(#1054,#1055,#1056,#1057));
#1912=EDGE_LOOP('',(#1058,#1059,#1060,#1061));
#1913=EDGE_LOOP('',(#1062,#1063,#1064,#1065));
#1914=EDGE_LOOP('',(#1066,#1067,#1068,#1069,#1070,#1071,#1072,#1073));
#1915=EDGE_LOOP('',(#1074));
#1916=EDGE_LOOP('',(#1075,#1076,#1077,#1078,#1079,#1080));
#1917=EDGE_LOOP('',(#1081,#1082,#1083,#1084));
#1918=EDGE_LOOP('',(#1085,#1086,#1087,#1088,#1089,#1090,#1091,#1092));
#1919=EDGE_LOOP('',(#1093,#1094,#1095,#1096,#1097,#1098,#1099,#1100));
#1920=EDGE_LOOP('',(#1101,#1102,#1103,#1104,#1105,#1106,#1107,#1108));
#1921=EDGE_LOOP('',(#1109,#1110,#1111,#1112));
#1922=EDGE_LOOP('',(#1113,#1114,#1115,#1116));
#1923=EDGE_LOOP('',(#1117,#1118,#1119,#1120,#1121,#1122,#1123,#1124,#1125,
#1126,#1127,#1128));
#1924=EDGE_LOOP('',(#1129,#1130,#1131,#1132));
#1925=EDGE_LOOP('',(#1133,#1134,#1135,#1136));
#1926=EDGE_LOOP('',(#1137,#1138,#1139,#1140));
#1927=EDGE_LOOP('',(#1141,#1142,#1143,#1144));
#1928=EDGE_LOOP('',(#1145,#1146,#1147,#1148));
#1929=EDGE_LOOP('',(#1149,#1150,#1151,#1152));
#1930=EDGE_LOOP('',(#1153,#1154,#1155,#1156,#1157,#1158,#1159,#1160));
#1931=EDGE_LOOP('',(#1161,#1162,#1163,#1164,#1165,#1166,#1167,#1168));
#1932=EDGE_LOOP('',(#1169,#1170,#1171,#1172,#1173,#1174,#1175,#1176));
#1933=EDGE_LOOP('',(#1177));
#1934=EDGE_LOOP('',(#1178,#1179,#1180,#1181,#1182,#1183,#1184,#1185));
#1935=EDGE_LOOP('',(#1186));
#1936=EDGE_LOOP('',(#1187,#1188,#1189,#1190,#1191,#1192));
#1937=EDGE_LOOP('',(#1193));
#1938=EDGE_LOOP('',(#1194,#1195,#1196,#1197,#1198,#1199,#1200,#1201));
#1939=EDGE_LOOP('',(#1202,#1203,#1204,#1205));
#1940=EDGE_LOOP('',(#1206,#1207,#1208,#1209));
#1941=EDGE_LOOP('',(#1210,#1211,#1212,#1213));
#1942=EDGE_LOOP('',(#1214,#1215,#1216,#1217));
#1943=EDGE_LOOP('',(#1218,#1219,#1220,#1221));
#1944=EDGE_LOOP('',(#1222,#1223,#1224,#1225));
#1945=EDGE_LOOP('',(#1226,#1227,#1228,#1229));
#1946=EDGE_LOOP('',(#1230,#1231,#1232,#1233));
#1947=EDGE_LOOP('',(#1234,#1235,#1236,#1237));
#1948=EDGE_LOOP('',(#1238,#1239,#1240,#1241));
#1949=EDGE_LOOP('',(#1242,#1243,#1244,#1245));
#1950=EDGE_LOOP('',(#1246,#1247,#1248,#1249));
#1951=EDGE_LOOP('',(#1250,#1251,#1252,#1253));
#1952=EDGE_LOOP('',(#1254,#1255,#1256,#1257,#1258,#1259));
#1953=EDGE_LOOP('',(#1260,#1261,#1262,#1263));
#1954=EDGE_LOOP('',(#1264,#1265,#1266,#1267,#1268,#1269));
#1955=EDGE_LOOP('',(#1270));
#1956=EDGE_LOOP('',(#1271));
#1957=EDGE_LOOP('',(#1272));
#1958=EDGE_LOOP('',(#1273));
#1959=EDGE_LOOP('',(#1274));
#1960=EDGE_LOOP('',(#1275));
#1961=EDGE_LOOP('',(#1276));
#1962=EDGE_LOOP('',(#1277));
#1963=EDGE_LOOP('',(#1278));
#1964=EDGE_LOOP('',(#1279));
#1965=EDGE_LOOP('',(#1280));
#1966=EDGE_LOOP('',(#1281));
#1967=EDGE_LOOP('',(#1282,#1283,#1284,#1285));
#1968=FACE_BOUND('',#1810,.T.);
#1969=FACE_BOUND('',#1811,.T.);
#1970=FACE_BOUND('',#1812,.T.);
#1971=FACE_BOUND('',#1813,.T.);
#1972=FACE_BOUND('',#1814,.T.);
#1973=FACE_BOUND('',#1815,.T.);
#1974=FACE_BOUND('',#1816,.T.);
#1975=FACE_BOUND('',#1817,.T.);
#1976=FACE_BOUND('',#1818,.T.);
#1977=FACE_BOUND('',#1819,.T.);
#1978=FACE_BOUND('',#1820,.T.);
#1979=FACE_BOUND('',#1821,.T.);
#1980=FACE_BOUND('',#1822,.T.);
#1981=FACE_BOUND('',#1823,.T.);
#1982=FACE_BOUND('',#1824,.T.);
#1983=FACE_BOUND('',#1825,.T.);
#1984=FACE_BOUND('',#1826,.T.);
#1985=FACE_BOUND('',#1827,.T.);
#1986=FACE_BOUND('',#1828,.T.);
#1987=FACE_BOUND('',#1829,.T.);
#1988=FACE_BOUND('',#1830,.T.);
#1989=FACE_BOUND('',#1831,.T.);
#1990=FACE_BOUND('',#1832,.T.);
#1991=FACE_BOUND('',#1833,.T.);
#1992=FACE_BOUND('',#1834,.T.);
#1993=FACE_BOUND('',#1835,.T.);
#1994=FACE_BOUND('',#1836,.T.);
#1995=FACE_BOUND('',#1837,.T.);
#1996=FACE_BOUND('',#1838,.T.);
#1997=FACE_BOUND('',#1839,.T.);
#1998=FACE_BOUND('',#1840,.T.);
#1999=FACE_BOUND('',#1841,.T.);
#2000=FACE_BOUND('',#1842,.T.);
#2001=FACE_BOUND('',#1843,.T.);
#2002=FACE_BOUND('',#1844,.T.);
#2003=FACE_BOUND('',#1845,.T.);
#2004=FACE_BOUND('',#1846,.T.);
#2005=FACE_BOUND('',#1847,.T.);
#2006=FACE_BOUND('',#1848,.T.);
#2007=FACE_BOUND('',#1849,.T.);
#2008=FACE_BOUND('',#1850,.T.);
#2009=FACE_BOUND('',#1851,.T.);
#2010=FACE_BOUND('',#1852,.T.);
#2011=FACE_BOUND('',#1853,.T.);
#2012=FACE_BOUND('',#1854,.T.);
#2013=FACE_BOUND('',#1855,.T.);
#2014=FACE_BOUND('',#1856,.T.);
#2015=FACE_BOUND('',#1857,.T.);
#2016=FACE_BOUND('',#1858,.T.);
#2017=FACE_BOUND('',#1859,.T.);
#2018=FACE_BOUND('',#1860,.T.);
#2019=FACE_BOUND('',#1861,.T.);
#2020=FACE_BOUND('',#1862,.T.);
#2021=FACE_BOUND('',#1863,.T.);
#2022=FACE_BOUND('',#1864,.T.);
#2023=FACE_BOUND('',#1865,.T.);
#2024=FACE_BOUND('',#1866,.T.);
#2025=FACE_BOUND('',#1867,.T.);
#2026=FACE_BOUND('',#1868,.T.);
#2027=FACE_BOUND('',#1869,.T.);
#2028=FACE_BOUND('',#1870,.T.);
#2029=FACE_BOUND('',#1871,.T.);
#2030=FACE_BOUND('',#1872,.T.);
#2031=FACE_BOUND('',#1873,.T.);
#2032=FACE_BOUND('',#1874,.T.);
#2033=FACE_BOUND('',#1875,.T.);
#2034=FACE_BOUND('',#1876,.T.);
#2035=FACE_BOUND('',#1877,.T.);
#2036=FACE_BOUND('',#1878,.T.);
#2037=FACE_BOUND('',#1879,.T.);
#2038=FACE_BOUND('',#1880,.T.);
#2039=FACE_BOUND('',#1881,.T.);
#2040=FACE_BOUND('',#1882,.T.);
#2041=FACE_BOUND('',#1883,.T.);
#2042=FACE_BOUND('',#1884,.T.);
#2043=FACE_BOUND('',#1885,.T.);
#2044=FACE_BOUND('',#1886,.T.);
#2045=FACE_BOUND('',#1887,.T.);
#2046=FACE_BOUND('',#1888,.T.);
#2047=FACE_BOUND('',#1889,.T.);
#2048=FACE_BOUND('',#1890,.T.);
#2049=FACE_BOUND('',#1891,.T.);
#2050=FACE_BOUND('',#1892,.T.);
#2051=FACE_BOUND('',#1893,.T.);
#2052=FACE_BOUND('',#1894,.T.);
#2053=FACE_BOUND('',#1895,.T.);
#2054=FACE_BOUND('',#1896,.T.);
#2055=FACE_BOUND('',#1897,.T.);
#2056=FACE_BOUND('',#1898,.T.);
#2057=FACE_BOUND('',#1899,.T.);
#2058=FACE_BOUND('',#1900,.T.);
#2059=FACE_BOUND('',#1901,.T.);
#2060=FACE_BOUND('',#1902,.T.);
#2061=FACE_BOUND('',#1903,.T.);
#2062=FACE_BOUND('',#1904,.T.);
#2063=FACE_BOUND('',#1905,.T.);
#2064=FACE_BOUND('',#1906,.T.);
#2065=FACE_BOUND('',#1907,.T.);
#2066=FACE_BOUND('',#1908,.T.);
#2067=FACE_BOUND('',#1909,.T.);
#2068=FACE_BOUND('',#1910,.T.);
#2069=FACE_BOUND('',#1911,.T.);
#2070=FACE_BOUND('',#1912,.T.);
#2071=FACE_BOUND('',#1913,.T.);
#2072=FACE_BOUND('',#1914,.T.);
#2073=FACE_BOUND('',#1915,.T.);
#2074=FACE_BOUND('',#1916,.T.);
#2075=FACE_BOUND('',#1917,.T.);
#2076=FACE_BOUND('',#1918,.T.);
#2077=FACE_BOUND('',#1919,.T.);
#2078=FACE_BOUND('',#1920,.T.);
#2079=FACE_BOUND('',#1921,.T.);
#2080=FACE_BOUND('',#1922,.T.);
#2081=FACE_BOUND('',#1923,.T.);
#2082=FACE_BOUND('',#1924,.T.);
#2083=FACE_BOUND('',#1925,.T.);
#2084=FACE_BOUND('',#1926,.T.);
#2085=FACE_BOUND('',#1927,.T.);
#2086=FACE_BOUND('',#1928,.T.);
#2087=FACE_BOUND('',#1929,.T.);
#2088=FACE_BOUND('',#1930,.T.);
#2089=FACE_BOUND('',#1931,.T.);
#2090=FACE_BOUND('',#1932,.T.);
#2091=FACE_BOUND('',#1933,.T.);
#2092=FACE_BOUND('',#1934,.T.);
#2093=FACE_BOUND('',#1935,.T.);
#2094=FACE_BOUND('',#1936,.T.);
#2095=FACE_BOUND('',#1937,.T.);
#2096=FACE_BOUND('',#1938,.T.);
#2097=FACE_BOUND('',#1939,.T.);
#2098=FACE_BOUND('',#1940,.T.);
#2099=FACE_BOUND('',#1941,.T.);
#2100=FACE_BOUND('',#1942,.T.);
#2101=FACE_BOUND('',#1943,.T.);
#2102=FACE_BOUND('',#1944,.T.);
#2103=FACE_BOUND('',#1945,.T.);
#2104=FACE_BOUND('',#1946,.T.);
#2105=FACE_BOUND('',#1947,.T.);
#2106=FACE_BOUND('',#1948,.T.);
#2107=FACE_BOUND('',#1949,.T.);
#2108=FACE_BOUND('',#1950,.T.);
#2109=FACE_BOUND('',#1951,.T.);
#2110=FACE_BOUND('',#1952,.T.);
#2111=FACE_BOUND('',#1953,.T.);
#2112=FACE_BOUND('',#1954,.T.);
#2113=FACE_BOUND('',#1955,.T.);
#2114=FACE_BOUND('',#1956,.T.);
#2115=FACE_BOUND('',#1957,.T.);
#2116=FACE_BOUND('',#1958,.T.);
#2117=FACE_BOUND('',#1959,.T.);
#2118=FACE_BOUND('',#1960,.T.);
#2119=FACE_BOUND('',#1961,.T.);
#2120=FACE_BOUND('',#1962,.T.);
#2121=FACE_BOUND('',#1963,.T.);
#2122=FACE_BOUND('',#1964,.T.);
#2123=FACE_BOUND('',#1965,.T.);
#2124=FACE_BOUND('',#1966,.T.);
#2125=FACE_BOUND('',#1967,.T.);
#2126=CYLINDRICAL_SURFACE('',#2333,0.0009);
#2127=CYLINDRICAL_SURFACE('',#2363,0.002);
#2128=CYLINDRICAL_SURFACE('',#2364,0.002);
#2129=CYLINDRICAL_SURFACE('',#2365,0.0265);
#2130=CYLINDRICAL_SURFACE('',#2366,0.002);
#2131=CYLINDRICAL_SURFACE('',#2367,0.002);
#2132=CYLINDRICAL_SURFACE('',#2408,0.001);
#2133=CYLINDRICAL_SURFACE('',#2411,0.001);
#2134=CYLINDRICAL_SURFACE('',#2414,0.001);
#2135=CYLINDRICAL_SURFACE('',#2417,0.001);
#2136=CYLINDRICAL_SURFACE('',#2478,0.001);
#2137=CYLINDRICAL_SURFACE('',#2481,0.001);
#2138=CYLINDRICAL_SURFACE('',#2484,0.001);
#2139=CYLINDRICAL_SURFACE('',#2487,0.001);
#2140=ADVANCED_FACE('',(#1968,#1969),#2126,.T.);
#2141=ADVANCED_FACE('',(#1970),#594,.T.);
#2142=ADVANCED_FACE('',(#1971),#595,.F.);
#2143=ADVANCED_FACE('',(#1972),#596,.F.);
#2144=ADVANCED_FACE('',(#1973),#597,.T.);
#2145=ADVANCED_FACE('',(#1974),#598,.T.);
#2146=ADVANCED_FACE('',(#1975),#599,.F.);
#2147=ADVANCED_FACE('',(#1976),#600,.T.);
#2148=ADVANCED_FACE('',(#1977),#601,.F.);
#2149=ADVANCED_FACE('',(#1978),#602,.T.);
#2150=ADVANCED_FACE('',(#1979),#603,.F.);
#2151=ADVANCED_FACE('',(#1980),#604,.F.);
#2152=ADVANCED_FACE('',(#1981),#605,.T.);
#2153=ADVANCED_FACE('',(#1982,#1983,#1984,#1985,#1986,#1987),#606,.T.);
#2154=ADVANCED_FACE('',(#1988,#1989,#1990,#1991,#1992,#1993),#607,.F.);
#2155=ADVANCED_FACE('',(#1994,#1995),#2127,.F.);
#2156=ADVANCED_FACE('',(#1996,#1997),#2128,.F.);
#2157=ADVANCED_FACE('',(#1998,#1999),#2129,.F.);
#2158=ADVANCED_FACE('',(#2000,#2001),#2130,.F.);
#2159=ADVANCED_FACE('',(#2002,#2003),#2131,.F.);
#2160=ADVANCED_FACE('',(#2004),#608,.T.);
#2161=ADVANCED_FACE('',(#2005,#2006),#609,.T.);
#2162=ADVANCED_FACE('',(#2007,#2008),#610,.T.);
#2163=ADVANCED_FACE('',(#2009),#611,.F.);
#2164=ADVANCED_FACE('',(#2010),#612,.F.);
#2165=ADVANCED_FACE('',(#2011),#613,.T.);
#2166=ADVANCED_FACE('',(#2012),#614,.T.);
#2167=ADVANCED_FACE('',(#2013,#2014),#615,.F.);
#2168=ADVANCED_FACE('',(#2015),#616,.T.);
#2169=ADVANCED_FACE('',(#2016),#617,.F.);
#2170=ADVANCED_FACE('',(#2017),#618,.F.);
#2171=ADVANCED_FACE('',(#2018),#619,.F.);
#2172=ADVANCED_FACE('',(#2019),#620,.T.);
#2173=ADVANCED_FACE('',(#2020),#621,.T.);
#2174=ADVANCED_FACE('',(#2021),#622,.F.);
#2175=ADVANCED_FACE('',(#2022),#623,.T.);
#2176=ADVANCED_FACE('',(#2023),#624,.T.);
#2177=ADVANCED_FACE('',(#2024),#625,.F.);
#2178=ADVANCED_FACE('',(#2025,#2026),#626,.T.);
#2179=ADVANCED_FACE('',(#2027,#2028),#627,.T.);
#2180=ADVANCED_FACE('',(#2029,#2030),#628,.T.);
#2181=ADVANCED_FACE('',(#2031),#629,.F.);
#2182=ADVANCED_FACE('',(#2032),#630,.T.);
#2183=ADVANCED_FACE('',(#2033),#631,.T.);
#2184=ADVANCED_FACE('',(#2034),#632,.T.);
#2185=ADVANCED_FACE('',(#2035),#633,.F.);
#2186=ADVANCED_FACE('',(#2036),#634,.F.);
#2187=ADVANCED_FACE('',(#2037),#635,.T.);
#2188=ADVANCED_FACE('',(#2038),#636,.F.);
#2189=ADVANCED_FACE('',(#2039),#637,.F.);
#2190=ADVANCED_FACE('',(#2040),#638,.T.);
#2191=ADVANCED_FACE('',(#2041),#639,.F.);
#2192=ADVANCED_FACE('',(#2042),#640,.T.);
#2193=ADVANCED_FACE('',(#2043),#641,.T.);
#2194=ADVANCED_FACE('',(#2044),#642,.F.);
#2195=ADVANCED_FACE('',(#2045,#2046),#2132,.F.);
#2196=ADVANCED_FACE('',(#2047),#643,.T.);
#2197=ADVANCED_FACE('',(#2048,#2049),#2133,.F.);
#2198=ADVANCED_FACE('',(#2050),#644,.T.);
#2199=ADVANCED_FACE('',(#2051,#2052),#2134,.F.);
#2200=ADVANCED_FACE('',(#2053),#645,.T.);
#2201=ADVANCED_FACE('',(#2054,#2055),#2135,.F.);
#2202=ADVANCED_FACE('',(#2056),#646,.T.);
#2203=ADVANCED_FACE('',(#2057),#647,.T.);
#2204=ADVANCED_FACE('',(#2058),#648,.F.);
#2205=ADVANCED_FACE('',(#2059),#649,.T.);
#2206=ADVANCED_FACE('',(#2060),#650,.F.);
#2207=ADVANCED_FACE('',(#2061),#651,.T.);
#2208=ADVANCED_FACE('',(#2062),#652,.T.);
#2209=ADVANCED_FACE('',(#2063),#653,.F.);
#2210=ADVANCED_FACE('',(#2064),#654,.T.);
#2211=ADVANCED_FACE('',(#2065),#655,.F.);
#2212=ADVANCED_FACE('',(#2066),#656,.T.);
#2213=ADVANCED_FACE('',(#2067),#657,.F.);
#2214=ADVANCED_FACE('',(#2068),#658,.T.);
#2215=ADVANCED_FACE('',(#2069),#659,.F.);
#2216=ADVANCED_FACE('',(#2070),#660,.T.);
#2217=ADVANCED_FACE('',(#2071),#661,.T.);
#2218=ADVANCED_FACE('',(#2072),#662,.F.);
#2219=ADVANCED_FACE('',(#2073,#2074),#663,.F.);
#2220=ADVANCED_FACE('',(#2075),#664,.T.);
#2221=ADVANCED_FACE('',(#2076),#665,.T.);
#2222=ADVANCED_FACE('',(#2077),#666,.F.);
#2223=ADVANCED_FACE('',(#2078),#667,.F.);
#2224=ADVANCED_FACE('',(#2079),#668,.T.);
#2225=ADVANCED_FACE('',(#2080,#2081),#669,.F.);
#2226=ADVANCED_FACE('',(#2082,#2083),#670,.T.);
#2227=ADVANCED_FACE('',(#2084),#671,.T.);
#2228=ADVANCED_FACE('',(#2085),#672,.F.);
#2229=ADVANCED_FACE('',(#2086),#673,.F.);
#2230=ADVANCED_FACE('',(#2087),#674,.T.);
#2231=ADVANCED_FACE('',(#2088),#675,.T.);
#2232=ADVANCED_FACE('',(#2089),#676,.T.);
#2233=ADVANCED_FACE('',(#2090),#677,.F.);
#2234=ADVANCED_FACE('',(#2091,#2092),#678,.F.);
#2235=ADVANCED_FACE('',(#2093,#2094),#679,.F.);
#2236=ADVANCED_FACE('',(#2095,#2096),#680,.F.);
#2237=ADVANCED_FACE('',(#2097),#681,.T.);
#2238=ADVANCED_FACE('',(#2098),#682,.F.);
#2239=ADVANCED_FACE('',(#2099),#683,.F.);
#2240=ADVANCED_FACE('',(#2100),#684,.T.);
#2241=ADVANCED_FACE('',(#2101),#685,.F.);
#2242=ADVANCED_FACE('',(#2102),#686,.T.);
#2243=ADVANCED_FACE('',(#2103),#687,.F.);
#2244=ADVANCED_FACE('',(#2104),#688,.F.);
#2245=ADVANCED_FACE('',(#2105),#689,.F.);
#2246=ADVANCED_FACE('',(#2106),#690,.T.);
#2247=ADVANCED_FACE('',(#2107),#691,.T.);
#2248=ADVANCED_FACE('',(#2108),#692,.F.);
#2249=ADVANCED_FACE('',(#2109),#693,.T.);
#2250=ADVANCED_FACE('',(#2110),#694,.F.);
#2251=ADVANCED_FACE('',(#2111),#695,.F.);
#2252=ADVANCED_FACE('',(#2112),#696,.T.);
#2253=ADVANCED_FACE('',(#2113,#2114),#2136,.F.);
#2254=ADVANCED_FACE('',(#2115),#697,.T.);
#2255=ADVANCED_FACE('',(#2116,#2117),#2137,.F.);
#2256=ADVANCED_FACE('',(#2118),#698,.T.);
#2257=ADVANCED_FACE('',(#2119,#2120),#2138,.F.);
#2258=ADVANCED_FACE('',(#2121),#699,.T.);
#2259=ADVANCED_FACE('',(#2122,#2123),#2139,.F.);
#2260=ADVANCED_FACE('',(#2124),#700,.T.);
#2261=ADVANCED_FACE('',(#2125),#701,.F.);
#2262=CLOSED_SHELL('',(#2140,#2141,#2142));
#2263=CLOSED_SHELL('',(#2143,#2144,#2145,#2146,#2147,#2148));
#2264=CLOSED_SHELL('',(#2149,#2150,#2151,#2152,#2153,#2154,#2155,#2156,
#2157,#2158,#2159));
#2265=CLOSED_SHELL('',(#2160,#2161,#2162,#2163,#2164,#2165,#2166,#2167,
#2168,#2169,#2170,#2171,#2172,#2173,#2174,#2175,#2176,#2177,#2178,#2179,
#2180,#2181,#2182,#2183,#2184,#2185,#2186,#2187,#2188,#2189,#2190,#2191,
#2192,#2193,#2194,#2195,#2196,#2197,#2198,#2199,#2200,#2201,#2202,#2203));
#2266=CLOSED_SHELL('',(#2204,#2205,#2206,#2207,#2208,#2209,#2210,#2211,
#2212,#2213,#2214,#2215,#2216,#2217));
#2267=CLOSED_SHELL('',(#2218,#2219,#2220,#2221,#2222,#2223,#2224,#2225,
#2226,#2227,#2228,#2229,#2230,#2231,#2232,#2233,#2234,#2235,#2236,#2237,
#2238,#2239,#2240,#2241,#2242,#2243,#2244,#2245,#2246,#2247,#2248,#2249,
#2250,#2251,#2252,#2253,#2254,#2255,#2256,#2257,#2258,#2259,#2260,#2261));
#2268=STYLED_ITEM('',(#2274),#2312);
#2269=STYLED_ITEM('',(#2275),#2313);
#2270=STYLED_ITEM('',(#2276),#2314);
#2271=STYLED_ITEM('',(#2277),#2315);
#2272=STYLED_ITEM('',(#2278),#2316);
#2273=STYLED_ITEM('',(#2279),#2317);
#2274=PRESENTATION_STYLE_ASSIGNMENT((#2280));
#2275=PRESENTATION_STYLE_ASSIGNMENT((#2281));
#2276=PRESENTATION_STYLE_ASSIGNMENT((#2282));
#2277=PRESENTATION_STYLE_ASSIGNMENT((#2283));
#2278=PRESENTATION_STYLE_ASSIGNMENT((#2284));
#2279=PRESENTATION_STYLE_ASSIGNMENT((#2285));
#2280=SURFACE_STYLE_USAGE(.BOTH.,#2286);
#2281=SURFACE_STYLE_USAGE(.BOTH.,#2287);
#2282=SURFACE_STYLE_USAGE(.BOTH.,#2288);
#2283=SURFACE_STYLE_USAGE(.BOTH.,#2289);
#2284=SURFACE_STYLE_USAGE(.BOTH.,#2290);
#2285=SURFACE_STYLE_USAGE(.BOTH.,#2291);
#2286=SURFACE_SIDE_STYLE('',(#2292));
#2287=SURFACE_SIDE_STYLE('',(#2293));
#2288=SURFACE_SIDE_STYLE('',(#2294));
#2289=SURFACE_SIDE_STYLE('',(#2295));
#2290=SURFACE_SIDE_STYLE('',(#2296));
#2291=SURFACE_SIDE_STYLE('',(#2297));
#2292=SURFACE_STYLE_FILL_AREA(#2298);
#2293=SURFACE_STYLE_FILL_AREA(#2299);
#2294=SURFACE_STYLE_FILL_AREA(#2300);
#2295=SURFACE_STYLE_FILL_AREA(#2301);
#2296=SURFACE_STYLE_FILL_AREA(#2302);
#2297=SURFACE_STYLE_FILL_AREA(#2303);
#2298=FILL_AREA_STYLE('',(#2304));
#2299=FILL_AREA_STYLE('',(#2305));
#2300=FILL_AREA_STYLE('',(#2306));
#2301=FILL_AREA_STYLE('',(#2307));
#2302=FILL_AREA_STYLE('',(#2308));
#2303=FILL_AREA_STYLE('',(#2309));
#2304=FILL_AREA_STYLE_COLOUR('',#2310);
#2305=FILL_AREA_STYLE_COLOUR('',#2310);
#2306=FILL_AREA_STYLE_COLOUR('',#2310);
#2307=FILL_AREA_STYLE_COLOUR('',#2311);
#2308=FILL_AREA_STYLE_COLOUR('',#2310);
#2309=FILL_AREA_STYLE_COLOUR('',#2310);
#2310=COLOUR_RGB('',0.615686274509804,0.811764705882353,0.929411764705882);
#2311=COLOUR_RGB('',0.647058823529412,0.647058823529412,0.647058823529412);
#2312=MANIFOLD_SOLID_BREP('Part 1',#2262);
#2313=MANIFOLD_SOLID_BREP('Part 1',#2263);
#2314=MANIFOLD_SOLID_BREP('Part 1',#2264);
#2315=MANIFOLD_SOLID_BREP('Part 2',#2265);
#2316=MANIFOLD_SOLID_BREP('Part 1',#2266);
#2317=MANIFOLD_SOLID_BREP('Part 1',#2267);
#2318=SHAPE_DEFINITION_REPRESENTATION(#3730,#2325);
#2319=SHAPE_DEFINITION_REPRESENTATION(#3731,#2326);
#2320=SHAPE_DEFINITION_REPRESENTATION(#3733,#2327);
#2321=SHAPE_DEFINITION_REPRESENTATION(#3736,#2328);
#2322=SHAPE_DEFINITION_REPRESENTATION(#3738,#2329);
#2323=SHAPE_DEFINITION_REPRESENTATION(#3741,#2330);
#2324=SHAPE_DEFINITION_REPRESENTATION(#3744,#2331);
#2325=SHAPE_REPRESENTATION('Assembly 1',(#2332,#2338,#2345,#2346,#2368,
#2421,#2422,#2437,#2438,#2491,#2492,#2493),#3713);
#2326=SHAPE_REPRESENTATION('Part 1',(#2332),#3714);
#2327=SHAPE_REPRESENTATION('Part 1',(#2332),#3715);
#2328=SHAPE_REPRESENTATION('Part 1',(#2332),#3716);
#2329=SHAPE_REPRESENTATION('Part 2',(#2332),#3717);
#2330=SHAPE_REPRESENTATION('Part 1',(#2332),#3718);
#2331=SHAPE_REPRESENTATION('Part 1',(#2332),#3719);
#2332=AXIS2_PLACEMENT_3D('',#3082,#2494,#2495);
#2333=AXIS2_PLACEMENT_3D('',#3083,#2496,#2497);
#2334=AXIS2_PLACEMENT_3D('',#3084,#2498,#2499);
#2335=AXIS2_PLACEMENT_3D('',#3086,#2500,#2501);
#2336=AXIS2_PLACEMENT_3D('',#3088,#2502,#2503);
#2337=AXIS2_PLACEMENT_3D('',#3089,#2504,#2505);
#2338=AXIS2_PLACEMENT_3D('',#3090,#2506,#2507);
#2339=AXIS2_PLACEMENT_3D('',#3091,#2508,#2509);
#2340=AXIS2_PLACEMENT_3D('',#3100,#2514,#2515);
#2341=AXIS2_PLACEMENT_3D('',#3109,#2520,#2521);
#2342=AXIS2_PLACEMENT_3D('',#3112,#2524,#2525);
#2343=AXIS2_PLACEMENT_3D('',#3115,#2528,#2529);
#2344=AXIS2_PLACEMENT_3D('',#3116,#2530,#2531);
#2345=AXIS2_PLACEMENT_3D('',#3117,#2532,#2533);
#2346=AXIS2_PLACEMENT_3D('',#3118,#2534,#2535);
#2347=AXIS2_PLACEMENT_3D('',#3119,#2536,#2537);
#2348=AXIS2_PLACEMENT_3D('',#3128,#2542,#2543);
#2349=AXIS2_PLACEMENT_3D('',#3134,#2547,#2548);
#2350=AXIS2_PLACEMENT_3D('',#3140,#2552,#2553);
#2351=AXIS2_PLACEMENT_3D('',#3143,#2556,#2557);
#2352=AXIS2_PLACEMENT_3D('',#3144,#2558,#2559);
#2353=AXIS2_PLACEMENT_3D('',#3146,#2560,#2561);
#2354=AXIS2_PLACEMENT_3D('',#3148,#2562,#2563);
#2355=AXIS2_PLACEMENT_3D('',#3150,#2564,#2565);
#2356=AXIS2_PLACEMENT_3D('',#3152,#2566,#2567);
#2357=AXIS2_PLACEMENT_3D('',#3154,#2568,#2569);
#2358=AXIS2_PLACEMENT_3D('',#3155,#2570,#2571);
#2359=AXIS2_PLACEMENT_3D('',#3157,#2572,#2573);
#2360=AXIS2_PLACEMENT_3D('',#3159,#2574,#2575);
#2361=AXIS2_PLACEMENT_3D('',#3161,#2576,#2577);
#2362=AXIS2_PLACEMENT_3D('',#3163,#2578,#2579);
#2363=AXIS2_PLACEMENT_3D('',#3165,#2580,#2581);
#2364=AXIS2_PLACEMENT_3D('',#3166,#2582,#2583);
#2365=AXIS2_PLACEMENT_3D('',#3167,#2584,#2585);
#2366=AXIS2_PLACEMENT_3D('',#3168,#2586,#2587);
#2367=AXIS2_PLACEMENT_3D('',#3169,#2588,#2589);
#2368=AXIS2_PLACEMENT_3D('',#3170,#2590,#2591);
#2369=AXIS2_PLACEMENT_3D('',#3171,#2592,#2593);
#2370=AXIS2_PLACEMENT_3D('',#3180,#2598,#2599);
#2371=AXIS2_PLACEMENT_3D('',#3181,#2600,#2601);
#2372=AXIS2_PLACEMENT_3D('',#3195,#2608,#2609);
#2373=AXIS2_PLACEMENT_3D('',#3225,#2625,#2626);
#2374=AXIS2_PLACEMENT_3D('',#3239,#2634,#2635);
#2375=AXIS2_PLACEMENT_3D('',#3250,#2642,#2643);
#2376=AXIS2_PLACEMENT_3D('',#3264,#2651,#2652);
#2377=AXIS2_PLACEMENT_3D('',#3270,#2656,#2657);
#2378=AXIS2_PLACEMENT_3D('',#3284,#2665,#2666);
#2379=AXIS2_PLACEMENT_3D('',#3286,#2668,#2669);
#2380=AXIS2_PLACEMENT_3D('',#3288,#2671,#2672);
#2381=AXIS2_PLACEMENT_3D('',#3294,#2676,#2677);
#2382=AXIS2_PLACEMENT_3D('',#3300,#2681,#2682);
#2383=AXIS2_PLACEMENT_3D('',#3304,#2685,#2686);
#2384=AXIS2_PLACEMENT_3D('',#3310,#2690,#2691);
#2385=AXIS2_PLACEMENT_3D('',#3316,#2696,#2697);
#2386=AXIS2_PLACEMENT_3D('',#3324,#2703,#2704);
#2387=AXIS2_PLACEMENT_3D('',#3334,#2710,#2711);
#2388=AXIS2_PLACEMENT_3D('',#3342,#2716,#2717);
#2389=AXIS2_PLACEMENT_3D('',#3343,#2718,#2719);
#2390=AXIS2_PLACEMENT_3D('',#3349,#2723,#2724);
#2391=AXIS2_PLACEMENT_3D('',#3353,#2727,#2728);
#2392=AXIS2_PLACEMENT_3D('',#3355,#2729,#2730);
#2393=AXIS2_PLACEMENT_3D('',#3356,#2731,#2732);
#2394=AXIS2_PLACEMENT_3D('',#3362,#2736,#2737);
#2395=AXIS2_PLACEMENT_3D('',#3364,#2739,#2740);
#2396=AXIS2_PLACEMENT_3D('',#3366,#2742,#2743);
#2397=AXIS2_PLACEMENT_3D('',#3367,#2744,#2745);
#2398=AXIS2_PLACEMENT_3D('',#3368,#2746,#2747);
#2399=AXIS2_PLACEMENT_3D('',#3369,#2748,#2749);
#2400=AXIS2_PLACEMENT_3D('',#3370,#2750,#2751);
#2401=AXIS2_PLACEMENT_3D('',#3372,#2753,#2754);
#2402=AXIS2_PLACEMENT_3D('',#3374,#2756,#2757);
#2403=AXIS2_PLACEMENT_3D('',#3376,#2759,#2760);
#2404=AXIS2_PLACEMENT_3D('',#3378,#2762,#2763);
#2405=AXIS2_PLACEMENT_3D('',#3380,#2765,#2766);
#2406=AXIS2_PLACEMENT_3D('',#3381,#2767,#2768);
#2407=AXIS2_PLACEMENT_3D('',#3383,#2770,#2771);
#2408=AXIS2_PLACEMENT_3D('',#3384,#2772,#2773);
#2409=AXIS2_PLACEMENT_3D('',#3385,#2774,#2775);
#2410=AXIS2_PLACEMENT_3D('',#3387,#2776,#2777);
#2411=AXIS2_PLACEMENT_3D('',#3388,#2778,#2779);
#2412=AXIS2_PLACEMENT_3D('',#3389,#2780,#2781);
#2413=AXIS2_PLACEMENT_3D('',#3391,#2782,#2783);
#2414=AXIS2_PLACEMENT_3D('',#3392,#2784,#2785);
#2415=AXIS2_PLACEMENT_3D('',#3393,#2786,#2787);
#2416=AXIS2_PLACEMENT_3D('',#3395,#2788,#2789);
#2417=AXIS2_PLACEMENT_3D('',#3396,#2790,#2791);
#2418=AXIS2_PLACEMENT_3D('',#3397,#2792,#2793);
#2419=AXIS2_PLACEMENT_3D('',#3399,#2794,#2795);
#2420=AXIS2_PLACEMENT_3D('',#3400,#2796,#2797);
#2421=AXIS2_PLACEMENT_3D('',#3401,#2798,#2799);
#2422=AXIS2_PLACEMENT_3D('',#3402,#2800,#2801);
#2423=AXIS2_PLACEMENT_3D('',#3403,#2802,#2803);
#2424=AXIS2_PLACEMENT_3D('',#3412,#2808,#2809);
#2425=AXIS2_PLACEMENT_3D('',#3421,#2814,#2815);
#2426=AXIS2_PLACEMENT_3D('',#3430,#2820,#2821);
#2427=AXIS2_PLACEMENT_3D('',#3439,#2826,#2827);
#2428=AXIS2_PLACEMENT_3D('',#3452,#2836,#2837);
#2429=AXIS2_PLACEMENT_3D('',#3465,#2846,#2847);
#2430=AXIS2_PLACEMENT_3D('',#3466,#2848,#2849);
#2431=AXIS2_PLACEMENT_3D('',#3467,#2850,#2851);
#2432=AXIS2_PLACEMENT_3D('',#3469,#2853,#2854);
#2433=AXIS2_PLACEMENT_3D('',#3471,#2856,#2857);
#2434=AXIS2_PLACEMENT_3D('',#3472,#2858,#2859);
#2435=AXIS2_PLACEMENT_3D('',#3474,#2861,#2862);
#2436=AXIS2_PLACEMENT_3D('',#3476,#2864,#2865);
#2437=AXIS2_PLACEMENT_3D('',#3477,#2866,#2867);
#2438=AXIS2_PLACEMENT_3D('',#3478,#2868,#2869);
#2439=AXIS2_PLACEMENT_3D('',#3479,#2870,#2871);
#2440=AXIS2_PLACEMENT_3D('',#3496,#2880,#2881);
#2441=AXIS2_PLACEMENT_3D('',#3497,#2882,#2883);
#2442=AXIS2_PLACEMENT_3D('',#3508,#2889,#2890);
#2443=AXIS2_PLACEMENT_3D('',#3517,#2895,#2896);
#2444=AXIS2_PLACEMENT_3D('',#3534,#2905,#2906);
#2445=AXIS2_PLACEMENT_3D('',#3548,#2914,#2915);
#2446=AXIS2_PLACEMENT_3D('',#3565,#2924,#2925);
#2447=AXIS2_PLACEMENT_3D('',#3574,#2930,#2931);
#2448=AXIS2_PLACEMENT_3D('',#3592,#2943,#2944);
#2449=AXIS2_PLACEMENT_3D('',#3603,#2951,#2952);
#2450=AXIS2_PLACEMENT_3D('',#3605,#2954,#2955);
#2451=AXIS2_PLACEMENT_3D('',#3607,#2957,#2958);
#2452=AXIS2_PLACEMENT_3D('',#3613,#2962,#2963);
#2453=AXIS2_PLACEMENT_3D('',#3619,#2967,#2968);
#2454=AXIS2_PLACEMENT_3D('',#3627,#2974,#2975);
#2455=AXIS2_PLACEMENT_3D('',#3637,#2981,#2982);
#2456=AXIS2_PLACEMENT_3D('',#3645,#2987,#2988);
#2457=AXIS2_PLACEMENT_3D('',#3646,#2989,#2990);
#2458=AXIS2_PLACEMENT_3D('',#3652,#2994,#2995);
#2459=AXIS2_PLACEMENT_3D('',#3653,#2996,#2997);
#2460=AXIS2_PLACEMENT_3D('',#3659,#3001,#3002);
#2461=AXIS2_PLACEMENT_3D('',#3660,#3003,#3004);
#2462=AXIS2_PLACEMENT_3D('',#3666,#3008,#3009);
#2463=AXIS2_PLACEMENT_3D('',#3668,#3011,#3012);
#2464=AXIS2_PLACEMENT_3D('',#3670,#3014,#3015);
#2465=AXIS2_PLACEMENT_3D('',#3672,#3017,#3018);
#2466=AXIS2_PLACEMENT_3D('',#3674,#3020,#3021);
#2467=AXIS2_PLACEMENT_3D('',#3675,#3022,#3023);
#2468=AXIS2_PLACEMENT_3D('',#3676,#3024,#3025);
#2469=AXIS2_PLACEMENT_3D('',#3677,#3026,#3027);
#2470=AXIS2_PLACEMENT_3D('',#3678,#3028,#3029);
#2471=AXIS2_PLACEMENT_3D('',#3680,#3031,#3032);
#2472=AXIS2_PLACEMENT_3D('',#3681,#3033,#3034);
#2473=AXIS2_PLACEMENT_3D('',#3683,#3036,#3037);
#2474=AXIS2_PLACEMENT_3D('',#3684,#3038,#3039);
#2475=AXIS2_PLACEMENT_3D('',#3686,#3041,#3042);
#2476=AXIS2_PLACEMENT_3D('',#3688,#3044,#3045);
#2477=AXIS2_PLACEMENT_3D('',#3690,#3047,#3048);
#2478=AXIS2_PLACEMENT_3D('',#3692,#3050,#3051);
#2479=AXIS2_PLACEMENT_3D('',#3693,#3052,#3053);
#2480=AXIS2_PLACEMENT_3D('',#3695,#3054,#3055);
#2481=AXIS2_PLACEMENT_3D('',#3696,#3056,#3057);
#2482=AXIS2_PLACEMENT_3D('',#3697,#3058,#3059);
#2483=AXIS2_PLACEMENT_3D('',#3699,#3060,#3061);
#2484=AXIS2_PLACEMENT_3D('',#3700,#3062,#3063);
#2485=AXIS2_PLACEMENT_3D('',#3701,#3064,#3065);
#2486=AXIS2_PLACEMENT_3D('',#3703,#3066,#3067);
#2487=AXIS2_PLACEMENT_3D('',#3704,#3068,#3069);
#2488=AXIS2_PLACEMENT_3D('',#3705,#3070,#3071);
#2489=AXIS2_PLACEMENT_3D('',#3707,#3072,#3073);
#2490=AXIS2_PLACEMENT_3D('',#3708,#3074,#3075);
#2491=AXIS2_PLACEMENT_3D('',#3709,#3076,#3077);
#2492=AXIS2_PLACEMENT_3D('',#3710,#3078,#3079);
#2493=AXIS2_PLACEMENT_3D('',#3711,#3080,#3081);
#2494=DIRECTION('',(0.,0.,1.));
#2495=DIRECTION('',(1.,0.,0.));
#2496=DIRECTION('',(0.,1.,0.));
#2497=DIRECTION('',(0.,0.,1.));
#2498=DIRECTION('',(0.,-1.,0.));
#2499=DIRECTION('',(0.,0.,-1.));
#2500=DIRECTION('',(0.,-1.,0.));
#2501=DIRECTION('',(0.,0.,-1.));
#2502=DIRECTION('',(0.,-1.,0.));
#2503=DIRECTION('',(1.,0.,0.));
#2504=DIRECTION('',(0.,-1.,0.));
#2505=DIRECTION('',(1.,0.,0.));
#2506=DIRECTION('',(0.,0.,1.));
#2507=DIRECTION('',(1.,0.,0.));
#2508=DIRECTION('',(0.,-1.,0.));
#2509=DIRECTION('',(0.,0.,-1.));
#2510=DIRECTION('',(-1.,0.,0.));
#2511=DIRECTION('',(0.,0.,-1.));
#2512=DIRECTION('',(-1.,0.,0.));
#2513=DIRECTION('',(0.,0.,-1.));
#2514=DIRECTION('',(0.,-1.,0.));
#2515=DIRECTION('',(0.,0.,-1.));
#2516=DIRECTION('',(-1.,0.,0.));
#2517=DIRECTION('',(0.,0.,-1.));
#2518=DIRECTION('',(-1.,0.,0.));
#2519=DIRECTION('',(0.,0.,-1.));
#2520=DIRECTION('',(0.,0.,1.));
#2521=DIRECTION('',(1.,0.,0.));
#2522=DIRECTION('',(-6.10818125343946E-17,-1.,0.));
#2523=DIRECTION('',(-6.10818125343946E-17,-1.,0.));
#2524=DIRECTION('',(0.,0.,1.));
#2525=DIRECTION('',(1.,0.,0.));
#2526=DIRECTION('',(-6.10818125343946E-17,-1.,0.));
#2527=DIRECTION('',(-6.10818125343946E-17,-1.,0.));
#2528=DIRECTION('',(1.,-6.10818125343946E-17,0.));
#2529=DIRECTION('',(6.10818125343946E-17,1.,0.));
#2530=DIRECTION('',(1.,-6.10818125343947E-17,0.));
#2531=DIRECTION('',(6.10818125343947E-17,1.,0.));
#2532=DIRECTION('',(1.32995466491555E-15,1.,-4.42995986041471E-31));
#2533=DIRECTION('',(-3.19189119579733E-16,-1.84889274661175E-32,-1.));
#2534=DIRECTION('',(0.,0.,1.));
#2535=DIRECTION('',(1.,0.,0.));
#2536=DIRECTION('',(1.22163625068789E-16,-1.,0.));
#2537=DIRECTION('',(1.,1.22163625068789E-16,0.));
#2538=DIRECTION('',(-1.,-1.22163625068789E-16,0.));
#2539=DIRECTION('',(0.,0.,-1.));
#2540=DIRECTION('',(-1.,-1.22163625068789E-16,0.));
#2541=DIRECTION('',(0.,0.,-1.));
#2542=DIRECTION('',(-1.,6.10818125343946E-17,0.));
#2543=DIRECTION('',(-6.10818125343946E-17,-1.,0.));
#2544=DIRECTION('',(6.10818125343946E-17,1.,0.));
#2545=DIRECTION('',(0.,0.,-1.));
#2546=DIRECTION('',(6.10818125343946E-17,1.,0.));
#2547=DIRECTION('',(1.22163625068789E-16,-1.,0.));
#2548=DIRECTION('',(1.,1.22163625068789E-16,0.));
#2549=DIRECTION('',(-1.,-1.22163625068789E-16,0.));
#2550=DIRECTION('',(0.,0.,-1.));
#2551=DIRECTION('',(-1.,-1.22163625068789E-16,0.));
#2552=DIRECTION('',(-1.,6.10818125343946E-17,0.));
#2553=DIRECTION('',(-6.10818125343946E-17,-1.,0.));
#2554=DIRECTION('',(6.10818125343946E-17,1.,0.));
#2555=DIRECTION('',(6.10818125343946E-17,1.,0.));
#2556=DIRECTION('',(0.,0.,1.));
#2557=DIRECTION('',(1.,0.,0.));
#2558=DIRECTION('',(0.,0.,1.));
#2559=DIRECTION('',(1.,0.,0.));
#2560=DIRECTION('',(0.,0.,1.));
#2561=DIRECTION('',(1.,0.,0.));
#2562=DIRECTION('',(0.,0.,1.));
#2563=DIRECTION('',(1.,0.,0.));
#2564=DIRECTION('',(0.,0.,1.));
#2565=DIRECTION('',(1.,0.,0.));
#2566=DIRECTION('',(0.,0.,1.));
#2567=DIRECTION('',(1.,0.,0.));
#2568=DIRECTION('',(0.,0.,1.));
#2569=DIRECTION('',(1.,0.,0.));
#2570=DIRECTION('',(0.,0.,1.));
#2571=DIRECTION('',(1.,0.,0.));
#2572=DIRECTION('',(0.,0.,1.));
#2573=DIRECTION('',(1.,0.,0.));
#2574=DIRECTION('',(0.,0.,1.));
#2575=DIRECTION('',(1.,0.,0.));
#2576=DIRECTION('',(0.,0.,1.));
#2577=DIRECTION('',(1.,0.,0.));
#2578=DIRECTION('',(0.,0.,1.));
#2579=DIRECTION('',(1.,0.,0.));
#2580=DIRECTION('',(0.,0.,1.));
#2581=DIRECTION('',(1.,0.,0.));
#2582=DIRECTION('',(0.,0.,1.));
#2583=DIRECTION('',(1.,0.,0.));
#2584=DIRECTION('',(0.,0.,1.));
#2585=DIRECTION('',(1.,0.,0.));
#2586=DIRECTION('',(0.,0.,1.));
#2587=DIRECTION('',(1.,0.,0.));
#2588=DIRECTION('',(0.,0.,1.));
#2589=DIRECTION('',(1.,0.,0.));
#2590=DIRECTION('',(0.,0.,1.));
#2591=DIRECTION('',(1.,0.,0.));
#2592=DIRECTION('',(0.,0.,1.));
#2593=DIRECTION('',(1.,0.,0.));
#2594=DIRECTION('',(-2.1350442781253E-16,1.,1.29954787070664E-32));
#2595=DIRECTION('',(1.,0.,0.));
#2596=DIRECTION('',(-2.1350442781253E-16,1.,1.29954787070664E-32));
#2597=DIRECTION('',(1.,0.,0.));
#2598=DIRECTION('',(0.,-1.,0.));
#2599=DIRECTION('',(1.,0.,0.));
#2600=DIRECTION('',(0.,-1.,0.));
#2601=DIRECTION('',(0.,0.,-1.));
#2602=DIRECTION('',(2.77459224550212E-48,-1.29954787070664E-32,1.));
#2603=DIRECTION('',(1.,0.,0.));
#2604=DIRECTION('',(0.,0.,1.));
#2605=DIRECTION('',(1.,0.,0.));
#2606=DIRECTION('',(0.,0.,-1.));
#2607=DIRECTION('',(-1.,-2.1350442781253E-16,-2.77459224550212E-48));
#2608=DIRECTION('',(2.1350442781253E-16,-1.,-1.29954787070664E-32));
#2609=DIRECTION('',(1.,2.1350442781253E-16,0.));
#2610=DIRECTION('',(-1.,0.,-1.21734980770302E-16));
#2611=DIRECTION('',(6.08674903851511E-17,0.,1.));
#2612=DIRECTION('',(-1.,0.,-2.43469961540605E-16));
#2613=DIRECTION('',(6.08674903851511E-17,0.,1.));
#2614=DIRECTION('',(0.,0.,-1.));
#2615=DIRECTION('',(-1.,-2.1350442781253E-16,-2.77459224550212E-48));
#2616=DIRECTION('',(-2.77459224550212E-48,1.29954787070664E-32,-1.));
#2617=DIRECTION('',(-1.,0.,0.));
#2618=DIRECTION('',(-2.77459224550212E-48,1.29954787070664E-32,-1.));
#2619=DIRECTION('',(1.,2.1350442781253E-16,2.77459224550212E-48));
#2620=DIRECTION('',(0.,0.,-1.));
#2621=DIRECTION('',(1.,2.1350442781253E-16,2.77459224550212E-48));
#2622=DIRECTION('',(2.77459224550212E-48,-1.29954787070664E-32,1.));
#2623=DIRECTION('',(2.77459224550212E-48,-1.29954787070664E-32,1.));
#2624=DIRECTION('',(-1.,-2.1350442781253E-16,-2.77459224550212E-48));
#2625=DIRECTION('',(0.,0.,1.));
#2626=DIRECTION('',(1.,0.,0.));
#2627=DIRECTION('',(-2.1350442781253E-16,1.,1.29954787070664E-32));
#2628=DIRECTION('',(1.,0.,0.));
#2629=DIRECTION('',(-2.43469961540605E-16,-1.,0.));
#2630=DIRECTION('',(-1.,1.21734980770302E-16,0.));
#2631=DIRECTION('',(-2.43469961540605E-16,-1.,0.));
#2632=DIRECTION('',(1.,0.,0.));
#2633=DIRECTION('',(-2.1350442781253E-16,1.,1.29954787070664E-32));
#2634=DIRECTION('',(1.,-5.78241158658936E-17,0.));
#2635=DIRECTION('',(5.78241158658936E-17,1.,0.));
#2636=DIRECTION('',(0.,0.,-1.));
#2637=DIRECTION('',(-2.1350442781253E-16,1.,1.29954787070664E-32));
#2638=DIRECTION('',(-2.1350442781253E-16,1.,1.29954787070664E-32));
#2639=DIRECTION('',(-5.78241158658936E-17,-1.,1.21734980770302E-16));
#2640=DIRECTION('',(3.51960881649715E-33,6.08674903851512E-17,-1.));
#2641=DIRECTION('',(-5.78241158658936E-17,-1.,2.43469961540605E-16));
#2642=DIRECTION('',(1.,-5.78241158658936E-17,0.));
#2643=DIRECTION('',(5.78241158658936E-17,1.,0.));
#2644=DIRECTION('',(0.,0.,-1.));
#2645=DIRECTION('',(-2.1350442781253E-16,1.,1.29954787070664E-32));
#2646=DIRECTION('',(-2.1350442781253E-16,1.,1.29954787070664E-32));
#2647=DIRECTION('',(0.,0.,-1.));
#2648=DIRECTION('',(-5.78241158658936E-17,-1.,2.43469961540605E-16));
#2649=DIRECTION('',(3.51960881649715E-33,6.08674903851512E-17,-1.));
#2650=DIRECTION('',(-5.78241158658936E-17,-1.,1.21734980770302E-16));
#2651=DIRECTION('',(1.,2.1350442781253E-16,-6.08674903851511E-17));
#2652=DIRECTION('',(-2.1350442781253E-16,1.,0.));
#2653=DIRECTION('',(2.1350442781253E-16,-1.,0.));
#2654=DIRECTION('',(6.08674903851511E-17,1.29954787070664E-32,1.));
#2655=DIRECTION('',(2.1350442781253E-16,-1.,0.));
#2656=DIRECTION('',(2.1350442781253E-16,-1.,0.));
#2657=DIRECTION('',(1.,2.1350442781253E-16,0.));
#2658=DIRECTION('',(-1.,-2.1350442781253E-16,-1.21734980770302E-16));
#2659=DIRECTION('',(6.08674903851511E-17,1.29954787070664E-32,1.));
#2660=DIRECTION('',(-1.,-2.1350442781253E-16,-2.43469961540605E-16));
#2661=DIRECTION('',(-1.,-2.1350442781253E-16,0.));
#2662=DIRECTION('',(0.,0.,-1.));
#2663=DIRECTION('',(-1.,-2.1350442781253E-16,0.));
#2664=DIRECTION('',(0.,0.,-1.));
#2665=DIRECTION('',(-1.21734980770302E-16,-2.59909574141327E-32,1.));
#2666=DIRECTION('',(1.,0.,1.21734980770302E-16));
#2667=DIRECTION('',(-2.1350442781253E-16,1.,0.));
#2668=DIRECTION('',(-2.43469961540605E-16,-5.19819148282655E-32,1.));
#2669=DIRECTION('',(1.,0.,2.43469961540605E-16));
#2670=DIRECTION('',(2.1350442781253E-16,-1.,0.));
#2671=DIRECTION('',(0.,2.43469961540605E-16,1.));
#2672=DIRECTION('',(0.,-1.,2.43469961540605E-16));
#2673=DIRECTION('',(-1.,0.,0.));
#2674=DIRECTION('',(0.,-1.,2.43469961540605E-16));
#2675=DIRECTION('',(1.,0.,0.));
#2676=DIRECTION('',(0.,2.43469961540605E-16,1.));
#2677=DIRECTION('',(0.,-1.,2.43469961540605E-16));
#2678=DIRECTION('',(-1.,0.,0.));
#2679=DIRECTION('',(1.,0.,0.));
#2680=DIRECTION('',(0.,1.,-2.43469961540605E-16));
#2681=DIRECTION('',(0.,1.21734980770302E-16,1.));
#2682=DIRECTION('',(0.,-1.,1.21734980770302E-16));
#2683=DIRECTION('',(0.,-1.,1.21734980770302E-16));
#2684=DIRECTION('',(-1.,0.,0.));
#2685=DIRECTION('',(0.,1.21734980770302E-16,1.));
#2686=DIRECTION('',(0.,-1.,1.21734980770302E-16));
#2687=DIRECTION('',(-1.,0.,0.));
#2688=DIRECTION('',(0.,1.,-1.21734980770302E-16));
#2689=DIRECTION('',(1.,0.,0.));
#2690=DIRECTION('',(-1.,0.,0.));
#2691=DIRECTION('',(0.,0.,1.));
#2692=DIRECTION('',(0.,6.08674903851512E-17,-1.));
#2693=DIRECTION('',(0.,-1.,0.));
#2694=DIRECTION('',(0.,-1.,0.));
#2695=DIRECTION('',(0.,0.,1.));
#2696=DIRECTION('',(-1.,0.,0.));
#2697=DIRECTION('',(0.,0.,1.));
#2698=DIRECTION('',(0.,-6.08674903851511E-17,1.));
#2699=DIRECTION('',(0.,0.,1.));
#2700=DIRECTION('',(0.,-1.,0.));
#2701=DIRECTION('',(0.,-1.,0.));
#2702=DIRECTION('',(0.,0.,1.));
#2703=DIRECTION('',(0.,0.,1.));
#2704=DIRECTION('',(1.,0.,0.));
#2705=DIRECTION('',(-1.,1.21734980770302E-16,0.));
#2706=DIRECTION('',(-2.43469961540605E-16,-1.,0.));
#2707=DIRECTION('',(1.,0.,0.));
#2708=DIRECTION('',(1.,0.,0.));
#2709=DIRECTION('',(-2.43469961540605E-16,-1.,0.));
#2710=DIRECTION('',(0.,0.,1.));
#2711=DIRECTION('',(1.,0.,0.));
#2712=DIRECTION('',(0.,1.,0.));
#2713=DIRECTION('',(-1.,0.,0.));
#2714=DIRECTION('',(0.,1.,0.));
#2715=DIRECTION('',(1.,0.,0.));
#2716=DIRECTION('',(0.,-1.,0.));
#2717=DIRECTION('',(1.,0.,0.));
#2718=DIRECTION('',(0.,-1.,0.));
#2719=DIRECTION('',(0.,0.,-1.));
#2720=DIRECTION('',(-2.77459224550212E-48,1.29954787070664E-32,-1.));
#2721=DIRECTION('',(-1.,-2.1350442781253E-16,-2.77459224550212E-48));
#2722=DIRECTION('',(0.,0.,1.));
#2723=DIRECTION('',(0.,-1.,0.));
#2724=DIRECTION('',(1.,0.,0.));
#2725=DIRECTION('',(2.77459224550212E-48,-1.29954787070664E-32,1.));
#2726=DIRECTION('',(1.,2.1350442781253E-16,2.77459224550212E-48));
#2727=DIRECTION('',(0.,-1.,0.));
#2728=DIRECTION('',(0.,0.,-1.));
#2729=DIRECTION('',(0.,-1.,0.));
#2730=DIRECTION('',(1.,0.,0.));
#2731=DIRECTION('',(0.,-1.,0.));
#2732=DIRECTION('',(0.,0.,-1.));
#2733=DIRECTION('',(-2.77459224550212E-48,1.29954787070664E-32,-1.));
#2734=DIRECTION('',(0.,0.,1.));
#2735=DIRECTION('',(1.,2.1350442781253E-16,2.77459224550212E-48));
#2736=DIRECTION('',(-1.,2.43469961540605E-16,0.));
#2737=DIRECTION('',(-2.43469961540605E-16,-1.,0.));
#2738=DIRECTION('',(0.,0.,1.));
#2739=DIRECTION('',(-1.,2.43469961540605E-16,0.));
#2740=DIRECTION('',(-2.43469961540605E-16,-1.,0.));
#2741=DIRECTION('',(0.,0.,1.));
#2742=DIRECTION('',(0.,-1.,-6.08674903851512E-17));
#2743=DIRECTION('',(0.,6.08674903851512E-17,-1.));
#2744=DIRECTION('',(0.,-1.,-6.08674903851512E-17));
#2745=DIRECTION('',(0.,6.08674903851512E-17,-1.));
#2746=DIRECTION('',(1.21734980770302E-16,1.,0.));
#2747=DIRECTION('',(-1.,1.21734980770302E-16,0.));
#2748=DIRECTION('',(1.,2.1350442781253E-16,-6.08674903851511E-17));
#2749=DIRECTION('',(-2.1350442781253E-16,1.,0.));
#2750=DIRECTION('',(-3.1651892485866E-64,-1.29954787070664E-32,1.));
#2751=DIRECTION('',(0.,-1.,-1.29954787070664E-32));
#2752=DIRECTION('',(-2.1350442781253E-16,1.,1.29954787070664E-32));
#2753=DIRECTION('',(-1.,-2.1350442781253E-16,3.1651892485866E-64));
#2754=DIRECTION('',(2.1350442781253E-16,-1.,0.));
#2755=DIRECTION('',(0.,0.,-1.));
#2756=DIRECTION('',(3.1651892485866E-64,1.29954787070664E-32,-1.));
#2757=DIRECTION('',(0.,1.,1.29954787070664E-32));
#2758=DIRECTION('',(-2.1350442781253E-16,1.,1.29954787070664E-32));
#2759=DIRECTION('',(-1.,-2.1350442781253E-16,3.1651892485866E-64));
#2760=DIRECTION('',(2.1350442781253E-16,-1.,0.));
#2761=DIRECTION('',(0.,0.,-1.));
#2762=DIRECTION('',(-3.1651892485866E-64,-1.29954787070664E-32,1.));
#2763=DIRECTION('',(0.,-1.,-1.29954787070664E-32));
#2764=DIRECTION('',(-2.1350442781253E-16,1.,1.29954787070664E-32));
#2765=DIRECTION('',(1.,2.1350442781253E-16,-3.1651892485866E-64));
#2766=DIRECTION('',(-2.1350442781253E-16,1.,0.));
#2767=DIRECTION('',(3.1651892485866E-64,1.29954787070664E-32,-1.));
#2768=DIRECTION('',(0.,1.,1.29954787070664E-32));
#2769=DIRECTION('',(-2.1350442781253E-16,1.,1.29954787070664E-32));
#2770=DIRECTION('',(1.,2.1350442781253E-16,-3.1651892485866E-64));
#2771=DIRECTION('',(-2.1350442781253E-16,1.,0.));
#2772=DIRECTION('',(0.,-1.,0.));
#2773=DIRECTION('',(0.,0.,-1.));
#2774=DIRECTION('',(0.,-1.,0.));
#2775=DIRECTION('',(0.,0.,-1.));
#2776=DIRECTION('',(0.,-1.,0.));
#2777=DIRECTION('',(1.,0.,0.));
#2778=DIRECTION('',(0.,-1.,0.));
#2779=DIRECTION('',(0.,0.,-1.));
#2780=DIRECTION('',(0.,-1.,0.));
#2781=DIRECTION('',(0.,0.,-1.));
#2782=DIRECTION('',(0.,-1.,0.));
#2783=DIRECTION('',(1.,0.,0.));
#2784=DIRECTION('',(0.,-1.,0.));
#2785=DIRECTION('',(0.,0.,-1.));
#2786=DIRECTION('',(0.,-1.,0.));
#2787=DIRECTION('',(0.,0.,-1.));
#2788=DIRECTION('',(0.,-1.,0.));
#2789=DIRECTION('',(1.,0.,0.));
#2790=DIRECTION('',(0.,-1.,0.));
#2791=DIRECTION('',(0.,0.,-1.));
#2792=DIRECTION('',(0.,-1.,0.));
#2793=DIRECTION('',(0.,0.,-1.));
#2794=DIRECTION('',(0.,-1.,0.));
#2795=DIRECTION('',(1.,0.,0.));
#2796=DIRECTION('',(0.,-1.,0.));
#2797=DIRECTION('',(0.,0.,-1.));
#2798=DIRECTION('',(0.,0.,1.));
#2799=DIRECTION('',(1.,0.,0.));
#2800=DIRECTION('',(-2.31296463463574E-16,1.,2.36260246044464E-30));
#2801=DIRECTION('',(2.35922392732846E-16,-2.30803444535367E-30,1.));
#2802=DIRECTION('',(0.,-1.,0.));
#2803=DIRECTION('',(0.,0.,-1.));
#2804=DIRECTION('',(0.,0.,-1.));
#2805=DIRECTION('',(-1.,0.,0.));
#2806=DIRECTION('',(0.,0.,-1.));
#2807=DIRECTION('',(-1.,0.,0.));
#2808=DIRECTION('',(0.,-1.,0.));
#2809=DIRECTION('',(0.,0.,-1.));
#2810=DIRECTION('',(-1.,0.,0.));
#2811=DIRECTION('',(0.,0.,-1.));
#2812=DIRECTION('',(-1.,0.,0.));
#2813=DIRECTION('',(0.,0.,-1.));
#2814=DIRECTION('',(0.,-1.,0.));
#2815=DIRECTION('',(0.,0.,-1.));
#2816=DIRECTION('',(-1.,0.,0.));
#2817=DIRECTION('',(0.,0.,-1.));
#2818=DIRECTION('',(-1.,0.,0.));
#2819=DIRECTION('',(0.,0.,-1.));
#2820=DIRECTION('',(0.,-1.,0.));
#2821=DIRECTION('',(0.,0.,-1.));
#2822=DIRECTION('',(0.,0.,-1.));
#2823=DIRECTION('',(-1.,0.,0.));
#2824=DIRECTION('',(0.,0.,-1.));
#2825=DIRECTION('',(-1.,0.,0.));
#2826=DIRECTION('',(0.,0.,1.));
#2827=DIRECTION('',(1.,0.,0.));
#2828=DIRECTION('',(-6.10818125343946E-17,-1.,0.));
#2829=DIRECTION('',(0.,-1.,0.));
#2830=DIRECTION('',(-1.,0.,0.));
#2831=DIRECTION('',(0.,-1.,0.));
#2832=DIRECTION('',(-6.10818125343946E-17,-1.,0.));
#2833=DIRECTION('',(0.,1.,0.));
#2834=DIRECTION('',(-1.,0.,0.));
#2835=DIRECTION('',(0.,1.,0.));
#2836=DIRECTION('',(0.,0.,1.));
#2837=DIRECTION('',(1.,0.,0.));
#2838=DIRECTION('',(-6.10818125343946E-17,-1.,0.));
#2839=DIRECTION('',(0.,1.,0.));
#2840=DIRECTION('',(-1.,0.,0.));
#2841=DIRECTION('',(0.,1.,0.));
#2842=DIRECTION('',(-6.10818125343946E-17,-1.,0.));
#2843=DIRECTION('',(0.,-1.,0.));
#2844=DIRECTION('',(-1.,0.,0.));
#2845=DIRECTION('',(0.,-1.,0.));
#2846=DIRECTION('',(1.,-6.10818125343946E-17,0.));
#2847=DIRECTION('',(6.10818125343946E-17,1.,0.));
#2848=DIRECTION('',(1.,-6.10818125343947E-17,0.));
#2849=DIRECTION('',(6.10818125343947E-17,1.,0.));
#2850=DIRECTION('',(1.,0.,0.));
#2851=DIRECTION('',(0.,0.,-1.));
#2852=DIRECTION('',(0.,0.,-1.));
#2853=DIRECTION('',(1.,0.,0.));
#2854=DIRECTION('',(0.,0.,-1.));
#2855=DIRECTION('',(0.,0.,-1.));
#2856=DIRECTION('',(0.,-1.,0.));
#2857=DIRECTION('',(1.,0.,0.));
#2858=DIRECTION('',(-1.,0.,0.));
#2859=DIRECTION('',(0.,0.,1.));
#2860=DIRECTION('',(0.,0.,-1.));
#2861=DIRECTION('',(-1.,0.,0.));
#2862=DIRECTION('',(0.,0.,1.));
#2863=DIRECTION('',(0.,0.,-1.));
#2864=DIRECTION('',(0.,1.,0.));
#2865=DIRECTION('',(-1.,0.,0.));
#2866=DIRECTION('',(-1.,0.,-1.11022302462516E-16));
#2867=DIRECTION('',(-1.11022302462516E-16,0.,1.));
#2868=DIRECTION('',(-1.,0.,-1.11022302462516E-16));
#2869=DIRECTION('',(-1.11022302462516E-16,0.,1.));
#2870=DIRECTION('',(0.,0.,1.));
#2871=DIRECTION('',(1.,0.,0.));
#2872=DIRECTION('',(0.,-1.,0.));
#2873=DIRECTION('',(1.,0.,0.));
#2874=DIRECTION('',(0.,-1.,0.));
#2875=DIRECTION('',(-1.,-2.1350442781253E-16,0.));
#2876=DIRECTION('',(0.,-1.,0.));
#2877=DIRECTION('',(1.,0.,0.));
#2878=DIRECTION('',(0.,-1.,0.));
#2879=DIRECTION('',(-1.,0.,0.));
#2880=DIRECTION('',(0.,-1.,0.));
#2881=DIRECTION('',(1.,0.,0.));
#2882=DIRECTION('',(0.,1.,0.));
#2883=DIRECTION('',(0.,0.,1.));
#2884=DIRECTION('',(2.77459224550212E-48,-1.29954787070664E-32,1.));
#2885=DIRECTION('',(-1.,-2.1350442781253E-16,-2.77459224550212E-48));
#2886=DIRECTION('',(0.,0.,-1.));
#2887=DIRECTION('',(1.,0.,0.));
#2888=DIRECTION('',(0.,0.,1.));
#2889=DIRECTION('',(0.,0.,1.));
#2890=DIRECTION('',(1.,0.,0.));
#2891=DIRECTION('',(1.,0.,0.));
#2892=DIRECTION('',(2.1350442781253E-16,-1.,-1.29954787070664E-32));
#2893=DIRECTION('',(1.,0.,0.));
#2894=DIRECTION('',(2.1350442781253E-16,-1.,-1.29954787070664E-32));
#2895=DIRECTION('',(1.,-5.78241158658936E-17,0.));
#2896=DIRECTION('',(5.78241158658936E-17,1.,0.));
#2897=DIRECTION('',(2.1350442781253E-16,-1.,-1.29954787070664E-32));
#2898=DIRECTION('',(0.,0.,-1.));
#2899=DIRECTION('',(-5.78241158658936E-17,-1.,1.21734980770302E-16));
#2900=DIRECTION('',(3.51960881649714E-33,6.08674903851511E-17,-1.));
#2901=DIRECTION('',(-5.78241158658936E-17,-1.,2.43469961540605E-16));
#2902=DIRECTION('',(0.,0.,-1.));
#2903=DIRECTION('',(2.1350442781253E-16,-1.,-1.29954787070664E-32));
#2904=DIRECTION('',(0.,0.,-1.));
#2905=DIRECTION('',(1.,-5.78241158658936E-17,0.));
#2906=DIRECTION('',(5.78241158658936E-17,1.,0.));
#2907=DIRECTION('',(2.1350442781253E-16,-1.,-1.29954787070664E-32));
#2908=DIRECTION('',(0.,0.,-1.));
#2909=DIRECTION('',(2.1350442781253E-16,-1.,-1.29954787070664E-32));
#2910=DIRECTION('',(0.,0.,-1.));
#2911=DIRECTION('',(-5.78241158658936E-17,-1.,2.43469961540605E-16));
#2912=DIRECTION('',(3.51960881649714E-33,6.08674903851511E-17,-1.));
#2913=DIRECTION('',(-5.78241158658936E-17,-1.,1.21734980770302E-16));
#2914=DIRECTION('',(0.,0.,1.));
#2915=DIRECTION('',(1.,0.,0.));
#2916=DIRECTION('',(2.1350442781253E-16,-1.,-1.29954787070664E-32));
#2917=DIRECTION('',(1.,0.,0.));
#2918=DIRECTION('',(-2.43469961540605E-16,-1.,0.));
#2919=DIRECTION('',(-1.,1.21734980770302E-16,0.));
#2920=DIRECTION('',(-2.43469961540605E-16,-1.,0.));
#2921=DIRECTION('',(1.,0.,0.));
#2922=DIRECTION('',(2.1350442781253E-16,-1.,-1.29954787070664E-32));
#2923=DIRECTION('',(1.,0.,0.));
#2924=DIRECTION('',(1.,2.1350442781253E-16,-6.08674903851511E-17));
#2925=DIRECTION('',(-2.1350442781253E-16,1.,0.));
#2926=DIRECTION('',(2.1350442781253E-16,-1.,0.));
#2927=DIRECTION('',(6.08674903851511E-17,0.,1.));
#2928=DIRECTION('',(2.1350442781253E-16,-1.,0.));
#2929=DIRECTION('',(6.08674903851511E-17,1.29954787070664E-32,1.));
#2930=DIRECTION('',(2.1350442781253E-16,-1.,-1.29954787070664E-32));
#2931=DIRECTION('',(1.,2.1350442781253E-16,0.));
#2932=DIRECTION('',(-1.,0.,-1.21734980770302E-16));
#2933=DIRECTION('',(6.08674903851511E-17,0.,1.));
#2934=DIRECTION('',(-1.,0.,-2.43469961540605E-16));
#2935=DIRECTION('',(-1.,-2.1350442781253E-16,-2.77459224550212E-48));
#2936=DIRECTION('',(2.77459224550212E-48,-1.29954787070664E-32,1.));
#2937=DIRECTION('',(2.77459224550212E-48,-1.29954787070664E-32,1.));
#2938=DIRECTION('',(1.,2.1350442781253E-16,2.77459224550212E-48));
#2939=DIRECTION('',(1.,2.1350442781253E-16,2.77459224550212E-48));
#2940=DIRECTION('',(-2.77459224550212E-48,1.29954787070664E-32,-1.));
#2941=DIRECTION('',(-2.77459224550212E-48,1.29954787070664E-32,-1.));
#2942=DIRECTION('',(-1.,-2.1350442781253E-16,-2.77459224550212E-48));
#2943=DIRECTION('',(2.1350442781253E-16,-1.,0.));
#2944=DIRECTION('',(1.,2.1350442781253E-16,0.));
#2945=DIRECTION('',(-1.,-2.1350442781253E-16,-1.21734980770302E-16));
#2946=DIRECTION('',(-1.,-2.1350442781253E-16,-2.43469961540605E-16));
#2947=DIRECTION('',(6.08674903851511E-17,1.29954787070664E-32,1.));
#2948=DIRECTION('',(-1.,0.,0.));
#2949=DIRECTION('',(0.,0.,1.));
#2950=DIRECTION('',(0.,0.,1.));
#2951=DIRECTION('',(-1.21734980770302E-16,-2.59909574141327E-32,1.));
#2952=DIRECTION('',(1.,0.,1.21734980770302E-16));
#2953=DIRECTION('',(-2.1350442781253E-16,1.,0.));
#2954=DIRECTION('',(-2.43469961540605E-16,-5.19819148282655E-32,1.));
#2955=DIRECTION('',(1.,0.,2.43469961540605E-16));
#2956=DIRECTION('',(2.1350442781253E-16,-1.,0.));
#2957=DIRECTION('',(-1.,2.43469961540605E-16,0.));
#2958=DIRECTION('',(-2.43469961540605E-16,-1.,0.));
#2959=DIRECTION('',(0.,0.,1.));
#2960=DIRECTION('',(0.,0.,1.));
#2961=DIRECTION('',(-2.43469961540605E-16,-1.,0.));
#2962=DIRECTION('',(-1.,2.43469961540605E-16,0.));
#2963=DIRECTION('',(-2.43469961540605E-16,-1.,0.));
#2964=DIRECTION('',(0.,0.,1.));
#2965=DIRECTION('',(-2.43469961540605E-16,-1.,0.));
#2966=DIRECTION('',(0.,0.,1.));
#2967=DIRECTION('',(0.,0.,1.));
#2968=DIRECTION('',(1.,0.,0.));
#2969=DIRECTION('',(-1.,1.21734980770302E-16,0.));
#2970=DIRECTION('',(1.,0.,0.));
#2971=DIRECTION('',(0.,-1.,0.));
#2972=DIRECTION('',(0.,-1.,0.));
#2973=DIRECTION('',(1.,0.,0.));
#2974=DIRECTION('',(-1.,0.,0.));
#2975=DIRECTION('',(0.,0.,1.));
#2976=DIRECTION('',(0.,-6.08674903851511E-17,1.));
#2977=DIRECTION('',(0.,1.,-1.21734980770302E-16));
#2978=DIRECTION('',(0.,0.,1.));
#2979=DIRECTION('',(0.,0.,1.));
#2980=DIRECTION('',(0.,1.,-2.43469961540605E-16));
#2981=DIRECTION('',(-1.,0.,0.));
#2982=DIRECTION('',(0.,0.,1.));
#2983=DIRECTION('',(0.,6.08674903851511E-17,-1.));
#2984=DIRECTION('',(0.,-1.,2.43469961540605E-16));
#2985=DIRECTION('',(0.,0.,1.));
#2986=DIRECTION('',(0.,-1.,1.21734980770302E-16));
#2987=DIRECTION('',(0.,-1.,0.));
#2988=DIRECTION('',(1.,0.,0.));
#2989=DIRECTION('',(0.,1.,0.));
#2990=DIRECTION('',(0.,0.,1.));
#2991=DIRECTION('',(-1.,-2.1350442781253E-16,-2.77459224550212E-48));
#2992=DIRECTION('',(-2.77459224550212E-48,1.29954787070664E-32,-1.));
#2993=DIRECTION('',(1.,0.,0.));
#2994=DIRECTION('',(0.,-1.,0.));
#2995=DIRECTION('',(1.,0.,0.));
#2996=DIRECTION('',(0.,1.,0.));
#2997=DIRECTION('',(0.,0.,1.));
#2998=DIRECTION('',(2.77459224550212E-48,-1.29954787070664E-32,1.));
#2999=DIRECTION('',(1.,0.,0.));
#3000=DIRECTION('',(1.,2.1350442781253E-16,2.77459224550212E-48));
#3001=DIRECTION('',(0.,-1.,0.));
#3002=DIRECTION('',(1.,0.,0.));
#3003=DIRECTION('',(0.,1.,0.));
#3004=DIRECTION('',(0.,0.,1.));
#3005=DIRECTION('',(1.,2.1350442781253E-16,2.77459224550212E-48));
#3006=DIRECTION('',(1.,0.,0.));
#3007=DIRECTION('',(-2.77459224550212E-48,1.29954787070664E-32,-1.));
#3008=DIRECTION('',(0.,1.21734980770302E-16,1.));
#3009=DIRECTION('',(0.,-1.,1.21734980770302E-16));
#3010=DIRECTION('',(-1.,0.,0.));
#3011=DIRECTION('',(0.,2.43469961540605E-16,1.));
#3012=DIRECTION('',(0.,-1.,2.43469961540605E-16));
#3013=DIRECTION('',(-1.,0.,0.));
#3014=DIRECTION('',(0.,2.43469961540605E-16,1.));
#3015=DIRECTION('',(0.,-1.,2.43469961540605E-16));
#3016=DIRECTION('',(-1.,0.,0.));
#3017=DIRECTION('',(0.,1.21734980770302E-16,1.));
#3018=DIRECTION('',(0.,-1.,1.21734980770302E-16));
#3019=DIRECTION('',(-1.,0.,0.));
#3020=DIRECTION('',(0.,-1.,-6.08674903851511E-17));
#3021=DIRECTION('',(0.,6.08674903851511E-17,-1.));
#3022=DIRECTION('',(1.21734980770302E-16,1.,0.));
#3023=DIRECTION('',(-1.,1.21734980770302E-16,0.));
#3024=DIRECTION('',(0.,-1.,-6.08674903851511E-17));
#3025=DIRECTION('',(0.,6.08674903851511E-17,-1.));
#3026=DIRECTION('',(1.,2.1350442781253E-16,-6.08674903851511E-17));
#3027=DIRECTION('',(-2.1350442781253E-16,1.,0.));
#3028=DIRECTION('',(-3.1651892485866E-64,-1.29954787070664E-32,1.));
#3029=DIRECTION('',(0.,-1.,-1.29954787070664E-32));
#3030=DIRECTION('',(2.1350442781253E-16,-1.,-1.29954787070664E-32));
#3031=DIRECTION('',(-1.,-2.1350442781253E-16,3.1651892485866E-64));
#3032=DIRECTION('',(2.1350442781253E-16,-1.,0.));
#3033=DIRECTION('',(3.1651892485866E-64,1.29954787070664E-32,-1.));
#3034=DIRECTION('',(0.,1.,1.29954787070664E-32));
#3035=DIRECTION('',(2.1350442781253E-16,-1.,-1.29954787070664E-32));
#3036=DIRECTION('',(-1.,-2.1350442781253E-16,3.1651892485866E-64));
#3037=DIRECTION('',(2.1350442781253E-16,-1.,0.));
#3038=DIRECTION('',(-3.1651892485866E-64,-1.29954787070664E-32,1.));
#3039=DIRECTION('',(0.,-1.,-1.29954787070664E-32));
#3040=DIRECTION('',(2.1350442781253E-16,-1.,-1.29954787070664E-32));
#3041=DIRECTION('',(1.,2.1350442781253E-16,-3.1651892485866E-64));
#3042=DIRECTION('',(-2.1350442781253E-16,1.,0.));
#3043=DIRECTION('',(0.,0.,-1.));
#3044=DIRECTION('',(3.1651892485866E-64,1.29954787070664E-32,-1.));
#3045=DIRECTION('',(0.,1.,1.29954787070664E-32));
#3046=DIRECTION('',(2.1350442781253E-16,-1.,-1.29954787070664E-32));
#3047=DIRECTION('',(1.,2.1350442781253E-16,-3.1651892485866E-64));
#3048=DIRECTION('',(-2.1350442781253E-16,1.,0.));
#3049=DIRECTION('',(0.,0.,-1.));
#3050=DIRECTION('',(0.,1.,0.));
#3051=DIRECTION('',(0.,0.,1.));
#3052=DIRECTION('',(0.,1.,0.));
#3053=DIRECTION('',(0.,0.,1.));
#3054=DIRECTION('',(0.,1.,0.));
#3055=DIRECTION('',(-1.,0.,0.));
#3056=DIRECTION('',(0.,1.,0.));
#3057=DIRECTION('',(0.,0.,1.));
#3058=DIRECTION('',(0.,1.,0.));
#3059=DIRECTION('',(0.,0.,1.));
#3060=DIRECTION('',(0.,1.,0.));
#3061=DIRECTION('',(-1.,0.,0.));
#3062=DIRECTION('',(0.,1.,0.));
#3063=DIRECTION('',(0.,0.,1.));
#3064=DIRECTION('',(0.,1.,0.));
#3065=DIRECTION('',(0.,0.,1.));
#3066=DIRECTION('',(0.,1.,0.));
#3067=DIRECTION('',(-1.,0.,0.));
#3068=DIRECTION('',(0.,1.,0.));
#3069=DIRECTION('',(0.,0.,1.));
#3070=DIRECTION('',(0.,1.,0.));
#3071=DIRECTION('',(0.,0.,1.));
#3072=DIRECTION('',(0.,1.,0.));
#3073=DIRECTION('',(-1.,0.,0.));
#3074=DIRECTION('',(0.,-1.,0.));
#3075=DIRECTION('',(0.,0.,-1.));
#3076=DIRECTION('',(0.,0.,1.));
#3077=DIRECTION('',(1.,0.,0.));
#3078=DIRECTION('',(0.,0.,1.));
#3079=DIRECTION('',(1.,0.,0.));
#3080=DIRECTION('',(0.,0.,1.));
#3081=DIRECTION('',(1.,0.,0.));
#3082=CARTESIAN_POINT('',(0.,0.,0.));
#3083=CARTESIAN_POINT('',(0.,-0.004,5.51091059616309E-20));
#3084=CARTESIAN_POINT('',(0.,-0.004,5.51091059616309E-20));
#3085=CARTESIAN_POINT('',(0.,-0.004,-0.0009));
#3086=CARTESIAN_POINT('',(0.,0.004,5.51091059616309E-20));
#3087=CARTESIAN_POINT('',(0.,0.004,-0.0009));
#3088=CARTESIAN_POINT('',(0.,-0.004,0.));
#3089=CARTESIAN_POINT('',(0.,0.004,0.));
#3090=CARTESIAN_POINT('',(-0.00342699699103832,-0.067999998304502,0.0520346648991108));
#3091=CARTESIAN_POINT('',(3.46944695195361E-18,0.0284,0.001));
#3092=CARTESIAN_POINT('',(3.46944695195361E-18,0.0284,0.));
#3093=CARTESIAN_POINT('',(0.0299,0.0284,0.));
#3094=CARTESIAN_POINT('',(-0.0299,0.0284,0.));
#3095=CARTESIAN_POINT('',(-0.0299,0.0284,0.001));
#3096=CARTESIAN_POINT('',(-0.0299,0.0284,0.001));
#3097=CARTESIAN_POINT('',(3.46944695195361E-18,0.0284,0.001));
#3098=CARTESIAN_POINT('',(0.0299,0.0284,0.001));
#3099=CARTESIAN_POINT('',(0.0299,0.0284,0.001));
#3100=CARTESIAN_POINT('',(0.,-0.0284,0.001));
#3101=CARTESIAN_POINT('',(0.,-0.0284,0.));
#3102=CARTESIAN_POINT('',(0.0299,-0.0284,0.));
#3103=CARTESIAN_POINT('',(-0.0299,-0.0284,0.));
#3104=CARTESIAN_POINT('',(0.0299,-0.0284,0.001));
#3105=CARTESIAN_POINT('',(0.0299,-0.0284,0.001));
#3106=CARTESIAN_POINT('',(0.,-0.0284,0.001));
#3107=CARTESIAN_POINT('',(-0.0299,-0.0284,0.001));
#3108=CARTESIAN_POINT('',(-0.0299,-0.0284,0.001));
#3109=CARTESIAN_POINT('',(3.46944695195361E-18,3.46944695195361E-18,0.001));
#3110=CARTESIAN_POINT('',(0.0299,3.37782423315202E-18,0.001));
#3111=CARTESIAN_POINT('',(-0.0299,9.1622718801592E-20,0.001));
#3112=CARTESIAN_POINT('',(3.46944695195361E-18,3.46944695195361E-18,0.));
#3113=CARTESIAN_POINT('',(0.0299,3.37782423315202E-18,0.));
#3114=CARTESIAN_POINT('',(-0.0299,9.1622718801592E-20,0.));
#3115=CARTESIAN_POINT('',(0.0299,3.37782423315202E-18,0.001));
#3116=CARTESIAN_POINT('',(-0.0299,9.1622718801592E-20,0.001));
#3117=CARTESIAN_POINT('',(0.0256991244733333,-0.0976946506953237,0.0235227913409473));
#3118=CARTESIAN_POINT('',(-0.00464234175756574,-0.0676000011328377,-0.00630695991367102));
#3119=CARTESIAN_POINT('',(-8.67361737988404E-18,-0.0284,0.003));
#3120=CARTESIAN_POINT('',(-8.67361737988404E-18,-0.0284,0.));
#3121=CARTESIAN_POINT('',(0.0284,-0.0284,0.));
#3122=CARTESIAN_POINT('',(-0.0284,-0.0284,0.));
#3123=CARTESIAN_POINT('',(0.0284,-0.0284,0.003));
#3124=CARTESIAN_POINT('',(0.0284,-0.0284,0.003));
#3125=CARTESIAN_POINT('',(-8.67361737988404E-18,-0.0284,0.003));
#3126=CARTESIAN_POINT('',(-0.0284,-0.0284,0.003));
#3127=CARTESIAN_POINT('',(-0.0284,-0.0284,0.003));
#3128=CARTESIAN_POINT('',(0.0284,3.46944695195361E-18,0.003));
#3129=CARTESIAN_POINT('',(0.0284,3.46944695195361E-18,0.));
#3130=CARTESIAN_POINT('',(0.0284,0.0284,0.));
#3131=CARTESIAN_POINT('',(0.0284,0.0284,0.003));
#3132=CARTESIAN_POINT('',(0.0284,0.0284,0.003));
#3133=CARTESIAN_POINT('',(0.0284,3.46944695195361E-18,0.003));
#3134=CARTESIAN_POINT('',(3.46944695195361E-18,0.0284,0.003));
#3135=CARTESIAN_POINT('',(3.46944695195361E-18,0.0284,0.));
#3136=CARTESIAN_POINT('',(-0.0284,0.0284,0.));
#3137=CARTESIAN_POINT('',(-0.0284,0.0284,0.003));
#3138=CARTESIAN_POINT('',(-0.0284,0.0284,0.003));
#3139=CARTESIAN_POINT('',(3.46944695195361E-18,0.0284,0.003));
#3140=CARTESIAN_POINT('',(-0.0284,-3.46944695195361E-18,0.003));
#3141=CARTESIAN_POINT('',(-0.0284,-3.46944695195361E-18,0.));
#3142=CARTESIAN_POINT('',(-0.0284,-3.46944695195361E-18,0.003));
#3143=CARTESIAN_POINT('',(-3.46944695195361E-18,-3.46944695195361E-18,0.003));
#3144=CARTESIAN_POINT('',(0.0208596500450032,0.0208596500450032,0.003));
#3145=CARTESIAN_POINT('',(0.0228596500450031,0.0208596500450032,0.003));
#3146=CARTESIAN_POINT('',(0.0208596500450032,-0.0208596500450032,0.003));
#3147=CARTESIAN_POINT('',(0.0228596500450031,-0.0208596500450032,0.003));
#3148=CARTESIAN_POINT('',(-6.93889390390723E-18,3.46944695195361E-18,0.003));
#3149=CARTESIAN_POINT('',(0.0265,3.46944695195361E-18,0.003));
#3150=CARTESIAN_POINT('',(-0.0208596500450032,-0.0208596500450032,0.003));
#3151=CARTESIAN_POINT('',(-0.0188596500450032,-0.0208596500450032,0.003));
#3152=CARTESIAN_POINT('',(-0.0208596500450032,0.0208596500450032,0.003));
#3153=CARTESIAN_POINT('',(-0.0188596500450032,0.0208596500450032,0.003));
#3154=CARTESIAN_POINT('',(-3.46944695195361E-18,-3.46944695195361E-18,0.));
#3155=CARTESIAN_POINT('',(0.0208596500450032,0.0208596500450032,0.));
#3156=CARTESIAN_POINT('',(0.0228596500450031,0.0208596500450032,0.));
#3157=CARTESIAN_POINT('',(0.0208596500450032,-0.0208596500450032,0.));
#3158=CARTESIAN_POINT('',(0.0228596500450031,-0.0208596500450032,0.));
#3159=CARTESIAN_POINT('',(-6.93889390390723E-18,3.46944695195361E-18,0.));
#3160=CARTESIAN_POINT('',(0.0265,3.46944695195361E-18,0.));
#3161=CARTESIAN_POINT('',(-0.0208596500450032,-0.0208596500450032,0.));
#3162=CARTESIAN_POINT('',(-0.0188596500450032,-0.0208596500450032,0.));
#3163=CARTESIAN_POINT('',(-0.0208596500450032,0.0208596500450032,0.));
#3164=CARTESIAN_POINT('',(-0.0188596500450032,0.0208596500450032,0.));
#3165=CARTESIAN_POINT('',(-0.0208596500450032,0.0208596500450032,-0.022));
#3166=CARTESIAN_POINT('',(-0.0208596500450032,-0.0208596500450032,-0.022));
#3167=CARTESIAN_POINT('',(-6.93889390390723E-18,3.46944695195361E-18,-0.022));
#3168=CARTESIAN_POINT('',(0.0208596500450032,-0.0208596500450032,-0.022));
#3169=CARTESIAN_POINT('',(0.0208596500450032,0.0208596500450032,-0.022));
#3170=CARTESIAN_POINT('',(0.0260056834667921,-0.068127378821373,0.0498999989414762));
#3171=CARTESIAN_POINT('',(0.,0.0392,-0.069));
#3172=CARTESIAN_POINT('',(-0.0285,0.0392,-0.069));
#3173=CARTESIAN_POINT('',(-0.0285,0.0677,-0.069));
#3174=CARTESIAN_POINT('',(-0.0285,0.0692,-0.069));
#3175=CARTESIAN_POINT('',(0.,0.0677,-0.069));
#3176=CARTESIAN_POINT('',(0.0285,0.0677,-0.069));
#3177=CARTESIAN_POINT('',(0.0285,0.0392,-0.069));
#3178=CARTESIAN_POINT('',(0.0285,0.0692,-0.069));
#3179=CARTESIAN_POINT('',(0.,0.0692,-0.069));
#3180=CARTESIAN_POINT('',(0.,0.0392,-0.0715));
#3181=CARTESIAN_POINT('',(0.0305003020228044,0.0392,-0.0695003020228044));
#3182=CARTESIAN_POINT('',(0.0305003020228044,0.0392,-0.0705003020228044));
#3183=CARTESIAN_POINT('',(0.0285,0.0392,-0.06825));
#3184=CARTESIAN_POINT('',(0.0285,0.0392,-0.0715));
#3185=CARTESIAN_POINT('',(0.0285,0.0392,-0.0675));
#3186=CARTESIAN_POINT('',(0.,0.0392,-0.0715));
#3187=CARTESIAN_POINT('',(0.0325,0.0392,-0.0715));
#3188=CARTESIAN_POINT('',(0.0325,0.0392,-0.009));
#3189=CARTESIAN_POINT('',(0.0325,0.0392,-0.0655));
#3190=CARTESIAN_POINT('',(0.0737,0.0392,-0.0655));
#3191=CARTESIAN_POINT('',(0.03,0.0392,-0.0655));
#3192=CARTESIAN_POINT('',(0.03,0.0392,-0.0065));
#3193=CARTESIAN_POINT('',(0.03,0.0392,-0.0675));
#3194=CARTESIAN_POINT('',(0.02925,0.0392,-0.0675));
#3195=CARTESIAN_POINT('',(-0.0265,0.0692,-0.0065));
#3196=CARTESIAN_POINT('',(8.91708734142464E-18,0.0692,-0.0655));
#3197=CARTESIAN_POINT('',(0.0265,0.0692,-0.0655));
#3198=CARTESIAN_POINT('',(-0.0265,0.0692,-0.0655));
#3199=CARTESIAN_POINT('',(-0.0265,0.0692,-0.0065));
#3200=CARTESIAN_POINT('',(-0.0265,0.0692,-0.0125));
#3201=CARTESIAN_POINT('',(3.19554324522043E-18,0.0692,-0.0125));
#3202=CARTESIAN_POINT('',(0.0265,0.0692,-0.0125));
#3203=CARTESIAN_POINT('',(0.0265,0.0692,-0.0065));
#3204=CARTESIAN_POINT('',(0.03,0.0692,-0.0065));
#3205=CARTESIAN_POINT('',(0.03,0.0692,-0.0105));
#3206=CARTESIAN_POINT('',(0.03,0.0692,-0.0675));
#3207=CARTESIAN_POINT('',(0.02925,0.0692,-0.0105));
#3208=CARTESIAN_POINT('',(0.0285,0.0692,-0.0105));
#3209=CARTESIAN_POINT('',(0.0285,0.0692,-0.00975));
#3210=CARTESIAN_POINT('',(0.0285,0.0692,-0.009));
#3211=CARTESIAN_POINT('',(1.7347234759768E-18,0.0692,-0.009));
#3212=CARTESIAN_POINT('',(-0.0285,0.0692,-0.009));
#3213=CARTESIAN_POINT('',(-0.0285,0.0692,-0.00975));
#3214=CARTESIAN_POINT('',(-0.0285,0.0692,-0.0105));
#3215=CARTESIAN_POINT('',(-0.02925,0.0692,-0.0105));
#3216=CARTESIAN_POINT('',(-0.03,0.0692,-0.0105));
#3217=CARTESIAN_POINT('',(-0.03,0.0692,-0.0065));
#3218=CARTESIAN_POINT('',(-0.03,0.0692,-0.0675));
#3219=CARTESIAN_POINT('',(-0.02925,0.0692,-0.0675));
#3220=CARTESIAN_POINT('',(-0.0285,0.0692,-0.0675));
#3221=CARTESIAN_POINT('',(-0.0285,0.0692,-0.06825));
#3222=CARTESIAN_POINT('',(0.0285,0.0692,-0.06825));
#3223=CARTESIAN_POINT('',(0.0285,0.0692,-0.0675));
#3224=CARTESIAN_POINT('',(0.02925,0.0692,-0.0675));
#3225=CARTESIAN_POINT('',(0.,0.0392,-0.009));
#3226=CARTESIAN_POINT('',(0.0285,0.0392,-0.009));
#3227=CARTESIAN_POINT('',(0.0285,0.0392,-0.009));
#3228=CARTESIAN_POINT('',(0.,0.0392,-0.009));
#3229=CARTESIAN_POINT('',(0.0265,0.0392,-0.009));
#3230=CARTESIAN_POINT('',(0.0265,0.0392,-0.009));
#3231=CARTESIAN_POINT('',(0.0265,0.0657,-0.009));
#3232=CARTESIAN_POINT('',(6.93889390390723E-18,0.0657,-0.009));
#3233=CARTESIAN_POINT('',(-0.0265,0.0657,-0.009));
#3234=CARTESIAN_POINT('',(-0.0265,0.0392,-0.009));
#3235=CARTESIAN_POINT('',(-0.0265,0.0392,-0.009));
#3236=CARTESIAN_POINT('',(0.,0.0392,-0.009));
#3237=CARTESIAN_POINT('',(-0.0285,0.0392,-0.009));
#3238=CARTESIAN_POINT('',(-0.0285,0.0392,-0.009));
#3239=CARTESIAN_POINT('',(0.03,0.0392,-0.0065));
#3240=CARTESIAN_POINT('',(0.03,0.0392,-0.0065));
#3241=CARTESIAN_POINT('',(0.03,0.0392,-0.0105));
#3242=CARTESIAN_POINT('',(0.03,0.0392,-0.0125));
#3243=CARTESIAN_POINT('',(0.03,0.0392,-0.0105));
#3244=CARTESIAN_POINT('',(0.03,0.0392,-0.0675));
#3245=CARTESIAN_POINT('',(0.03,0.0392,-0.0655));
#3246=CARTESIAN_POINT('',(0.03,0.0657,-0.0655));
#3247=CARTESIAN_POINT('',(0.03,0.0657,-0.0065));
#3248=CARTESIAN_POINT('',(0.03,0.0657,-0.0125));
#3249=CARTESIAN_POINT('',(0.03,0.0392,-0.0125));
#3250=CARTESIAN_POINT('',(-0.03,0.0392,-0.0065));
#3251=CARTESIAN_POINT('',(-0.03,0.0392,-0.0065));
#3252=CARTESIAN_POINT('',(-0.03,0.0392,-0.0655));
#3253=CARTESIAN_POINT('',(-0.03,0.0392,-0.0675));
#3254=CARTESIAN_POINT('',(-0.03,0.0392,-0.0675));
#3255=CARTESIAN_POINT('',(-0.03,0.0392,-0.0105));
#3256=CARTESIAN_POINT('',(-0.03,0.0392,-0.0105));
#3257=CARTESIAN_POINT('',(-0.03,0.0392,-0.0065));
#3258=CARTESIAN_POINT('',(-0.03,0.0392,-0.0125));
#3259=CARTESIAN_POINT('',(-0.03,0.0392,-0.0125));
#3260=CARTESIAN_POINT('',(-0.03,0.0657,-0.0125));
#3261=CARTESIAN_POINT('',(-0.03,0.0657,-0.0065));
#3262=CARTESIAN_POINT('',(-0.03,0.0657,-0.0655));
#3263=CARTESIAN_POINT('',(-0.03,0.0392,-0.0655));
#3264=CARTESIAN_POINT('',(-0.0265,0.1031,-0.039));
#3265=CARTESIAN_POINT('',(-0.0265,0.1031,-0.0655));
#3266=CARTESIAN_POINT('',(-0.0265,0.0717,-0.0655));
#3267=CARTESIAN_POINT('',(-0.0265,0.0717,-0.069));
#3268=CARTESIAN_POINT('',(-0.0265,0.0717,-0.0125));
#3269=CARTESIAN_POINT('',(-0.0265,0.1031,-0.0125));
#3270=CARTESIAN_POINT('',(-0.0265,0.0717,-0.069));
#3271=CARTESIAN_POINT('',(-4.26072432696058E-19,0.0717,-0.0655));
#3272=CARTESIAN_POINT('',(0.0265,0.0717,-0.0655));
#3273=CARTESIAN_POINT('',(0.0265,0.0717,-0.069));
#3274=CARTESIAN_POINT('',(0.0265,0.0717,-0.0125));
#3275=CARTESIAN_POINT('',(-1.37560528270442E-17,0.0717,-0.0125));
#3276=CARTESIAN_POINT('',(0.,0.0717,-0.0715));
#3277=CARTESIAN_POINT('',(0.0325,0.0717,-0.0715));
#3278=CARTESIAN_POINT('',(-0.0325,0.0717,-0.0715));
#3279=CARTESIAN_POINT('',(-0.0325,0.0717,-0.069));
#3280=CARTESIAN_POINT('',(-0.0325,0.0717,-0.0065));
#3281=CARTESIAN_POINT('',(0.,0.0717,-0.0065));
#3282=CARTESIAN_POINT('',(0.0325,0.0717,-0.0065));
#3283=CARTESIAN_POINT('',(0.0325,0.0717,-0.069));
#3284=CARTESIAN_POINT('',(-2.42947437546221E-17,0.1031,-0.0655));
#3285=CARTESIAN_POINT('',(0.0265,0.1031,-0.0655));
#3286=CARTESIAN_POINT('',(-2.00948869180467E-17,0.1031,-0.0125));
#3287=CARTESIAN_POINT('',(0.0265,0.1031,-0.0125));
#3288=CARTESIAN_POINT('',(0.0737,0.0392,-0.0125));
#3289=CARTESIAN_POINT('',(0.0737,0.0657,-0.0125));
#3290=CARTESIAN_POINT('',(0.0325,0.0657,-0.0125));
#3291=CARTESIAN_POINT('',(0.0325,0.0392,-0.0125));
#3292=CARTESIAN_POINT('',(0.0325,0.0392,-0.0125));
#3293=CARTESIAN_POINT('',(0.0737,0.0392,-0.0125));
#3294=CARTESIAN_POINT('',(0.0737,0.0392,-0.0125));
#3295=CARTESIAN_POINT('',(0.0737,0.0657,-0.0125));
#3296=CARTESIAN_POINT('',(-0.0325,0.0657,-0.0125));
#3297=CARTESIAN_POINT('',(0.0737,0.0392,-0.0125));
#3298=CARTESIAN_POINT('',(-0.0325,0.0392,-0.0125));
#3299=CARTESIAN_POINT('',(-0.0325,0.0392,-0.0125));
#3300=CARTESIAN_POINT('',(0.0737,0.0392,-0.0655));
#3301=CARTESIAN_POINT('',(0.0325,0.0392,-0.0655));
#3302=CARTESIAN_POINT('',(0.0325,0.0657,-0.0655));
#3303=CARTESIAN_POINT('',(0.0737,0.0657,-0.0655));
#3304=CARTESIAN_POINT('',(0.0737,0.0392,-0.0655));
#3305=CARTESIAN_POINT('',(0.0737,0.0657,-0.0655));
#3306=CARTESIAN_POINT('',(-0.0325,0.0657,-0.0655));
#3307=CARTESIAN_POINT('',(-0.0325,0.0392,-0.0655));
#3308=CARTESIAN_POINT('',(-0.0325,0.0392,-0.0655));
#3309=CARTESIAN_POINT('',(0.0737,0.0392,-0.0655));
#3310=CARTESIAN_POINT('',(0.0325,0.0392,-0.009));
#3311=CARTESIAN_POINT('',(0.0325,0.0657,-0.069));
#3312=CARTESIAN_POINT('',(0.0325,0.0392,-0.0715));
#3313=CARTESIAN_POINT('',(0.0325,0.0392,-0.0065));
#3314=CARTESIAN_POINT('',(0.0325,0.0392,-0.0065));
#3315=CARTESIAN_POINT('',(0.0325,0.0392,-0.009));
#3316=CARTESIAN_POINT('',(-0.0325,0.0392,-0.009));
#3317=CARTESIAN_POINT('',(-0.0325,0.0657,-0.039));
#3318=CARTESIAN_POINT('',(-0.0325,0.0392,-0.009));
#3319=CARTESIAN_POINT('',(-0.0325,0.0392,-0.0065));
#3320=CARTESIAN_POINT('',(-0.0325,0.0392,-0.0065));
#3321=CARTESIAN_POINT('',(-0.0325,0.0392,-0.0715));
#3322=CARTESIAN_POINT('',(-0.0325,0.0392,-0.0715));
#3323=CARTESIAN_POINT('',(-0.0325,0.0392,-0.009));
#3324=CARTESIAN_POINT('',(0.,0.0392,-0.0065));
#3325=CARTESIAN_POINT('',(6.93889390390723E-18,0.0657,-0.0065));
#3326=CARTESIAN_POINT('',(0.0265,0.0657,-0.0065));
#3327=CARTESIAN_POINT('',(-0.0265,0.0657,-0.0065));
#3328=CARTESIAN_POINT('',(0.0265,0.0392,-0.0065));
#3329=CARTESIAN_POINT('',(0.0265,0.0392,-0.0065));
#3330=CARTESIAN_POINT('',(0.,0.0392,-0.0065));
#3331=CARTESIAN_POINT('',(0.,0.0392,-0.0065));
#3332=CARTESIAN_POINT('',(-0.0265,0.0392,-0.0065));
#3333=CARTESIAN_POINT('',(-0.0265,0.0392,-0.0065));
#3334=CARTESIAN_POINT('',(0.,0.0392,-0.0715));
#3335=CARTESIAN_POINT('',(0.0285,0.05345,-0.0715));
#3336=CARTESIAN_POINT('',(0.0285,0.0677,-0.0715));
#3337=CARTESIAN_POINT('',(-0.0275,0.0677,-0.0715));
#3338=CARTESIAN_POINT('',(-0.0285,0.0677,-0.0715));
#3339=CARTESIAN_POINT('',(-0.0285,0.05345,-0.0715));
#3340=CARTESIAN_POINT('',(-0.0285,0.0392,-0.0715));
#3341=CARTESIAN_POINT('',(0.,0.0392,-0.0715));
#3342=CARTESIAN_POINT('',(0.,0.0392,-0.0715));
#3343=CARTESIAN_POINT('',(0.0305003020228044,0.0392,-0.00849969797719555));
#3344=CARTESIAN_POINT('',(0.0305003020228044,0.0392,-0.00949969797719555));
#3345=CARTESIAN_POINT('',(0.0285,0.0392,-0.00975));
#3346=CARTESIAN_POINT('',(0.0285,0.0392,-0.0105));
#3347=CARTESIAN_POINT('',(0.02925,0.0392,-0.0105));
#3348=CARTESIAN_POINT('',(0.0265,0.0392,-0.009));
#3349=CARTESIAN_POINT('',(0.,0.0392,-0.0715));
#3350=CARTESIAN_POINT('',(-0.0285,0.0392,-0.06825));
#3351=CARTESIAN_POINT('',(-0.0285,0.0392,-0.0675));
#3352=CARTESIAN_POINT('',(-0.02925,0.0392,-0.0675));
#3353=CARTESIAN_POINT('',(-0.0305003020228044,0.0392,-0.0695003020228044));
#3354=CARTESIAN_POINT('',(-0.0305003020228044,0.0392,-0.0705003020228044));
#3355=CARTESIAN_POINT('',(0.,0.0392,-0.0715));
#3356=CARTESIAN_POINT('',(-0.0305003020228044,0.0392,-0.00849969797719555));
#3357=CARTESIAN_POINT('',(-0.0305003020228044,0.0392,-0.00949969797719555));
#3358=CARTESIAN_POINT('',(-0.0285,0.0392,-0.00975));
#3359=CARTESIAN_POINT('',(-0.0285,0.0392,-0.0105));
#3360=CARTESIAN_POINT('',(-0.0265,0.0392,-0.009));
#3361=CARTESIAN_POINT('',(-0.02925,0.0392,-0.0105));
#3362=CARTESIAN_POINT('',(-0.0265,0.0392,-0.009));
#3363=CARTESIAN_POINT('',(-0.0265,0.0657,-0.009));
#3364=CARTESIAN_POINT('',(0.0265,0.0392,-0.009));
#3365=CARTESIAN_POINT('',(0.0265,0.0657,-0.009));
#3366=CARTESIAN_POINT('',(0.0737,0.0657,-0.039));
#3367=CARTESIAN_POINT('',(0.0737,0.0657,-0.039));
#3368=CARTESIAN_POINT('',(6.93889390390723E-18,0.0657,-0.009));
#3369=CARTESIAN_POINT('',(0.0265,0.1031,-0.039));
#3370=CARTESIAN_POINT('',(-0.02925,0.0392,-0.0675));
#3371=CARTESIAN_POINT('',(-0.0285,0.0392,-0.0675));
#3372=CARTESIAN_POINT('',(-0.0285,0.0392,-0.06825));
#3373=CARTESIAN_POINT('',(-0.0285,0.0677,-0.0465));
#3374=CARTESIAN_POINT('',(0.02925,0.0392,-0.0675));
#3375=CARTESIAN_POINT('',(0.0285,0.0392,-0.0675));
#3376=CARTESIAN_POINT('',(0.0285,0.0392,-0.06825));
#3377=CARTESIAN_POINT('',(0.0285,0.0677,-0.0465));
#3378=CARTESIAN_POINT('',(-0.02925,0.0392,-0.0105));
#3379=CARTESIAN_POINT('',(-0.0285,0.0392,-0.0105));
#3380=CARTESIAN_POINT('',(-0.0285,0.0392,-0.00975));
#3381=CARTESIAN_POINT('',(0.02925,0.0392,-0.0105));
#3382=CARTESIAN_POINT('',(0.0285,0.0392,-0.0105));
#3383=CARTESIAN_POINT('',(0.0285,0.0392,-0.00975));
#3384=CARTESIAN_POINT('',(-0.0305003020228044,0.0442,-0.00849969797719555));
#3385=CARTESIAN_POINT('',(-0.0305003020228044,0.0442,-0.00849969797719555));
#3386=CARTESIAN_POINT('',(-0.0305003020228044,0.0442,-0.00949969797719555));
#3387=CARTESIAN_POINT('',(0.,0.0442,-0.039));
#3388=CARTESIAN_POINT('',(-0.0305003020228044,0.0442,-0.0695003020228044));
#3389=CARTESIAN_POINT('',(-0.0305003020228044,0.0442,-0.0695003020228044));
#3390=CARTESIAN_POINT('',(-0.0305003020228044,0.0442,-0.0705003020228044));
#3391=CARTESIAN_POINT('',(0.,0.0442,-0.039));
#3392=CARTESIAN_POINT('',(0.0305003020228044,0.0442,-0.0695003020228044));
#3393=CARTESIAN_POINT('',(0.0305003020228044,0.0442,-0.0695003020228044));
#3394=CARTESIAN_POINT('',(0.0305003020228044,0.0442,-0.0705003020228044));
#3395=CARTESIAN_POINT('',(0.,0.0442,-0.039));
#3396=CARTESIAN_POINT('',(0.0305003020228044,0.0442,-0.00849969797719555));
#3397=CARTESIAN_POINT('',(0.0305003020228044,0.0442,-0.00849969797719555));
#3398=CARTESIAN_POINT('',(0.0305003020228044,0.0442,-0.00949969797719555));
#3399=CARTESIAN_POINT('',(0.,0.0442,-0.039));
#3400=CARTESIAN_POINT('',(-0.0275,0.0677,-0.0465));
#3401=CARTESIAN_POINT('',(0.0257551930844784,-0.107134650695324,0.0624673658460379));
#3402=CARTESIAN_POINT('',(0.0257920378297567,-0.0388058742260933,0.0238664412230253));
#3403=CARTESIAN_POINT('',(3.46944695195361E-18,0.0284,0.001));
#3404=CARTESIAN_POINT('',(0.0284,0.0284,0.001));
#3405=CARTESIAN_POINT('',(0.0284,0.0284,0.001));
#3406=CARTESIAN_POINT('',(0.0284,0.0284,0.));
#3407=CARTESIAN_POINT('',(3.46944695195361E-18,0.0284,0.001));
#3408=CARTESIAN_POINT('',(0.0299,0.0284,0.001));
#3409=CARTESIAN_POINT('',(0.0299,0.0284,0.001));
#3410=CARTESIAN_POINT('',(0.0299,0.0284,0.));
#3411=CARTESIAN_POINT('',(3.46944695195361E-18,0.0284,0.));
#3412=CARTESIAN_POINT('',(0.,-0.0284,0.001));
#3413=CARTESIAN_POINT('',(0.,-0.0284,0.001));
#3414=CARTESIAN_POINT('',(0.0299,-0.0284,0.001));
#3415=CARTESIAN_POINT('',(0.0284,-0.0284,0.001));
#3416=CARTESIAN_POINT('',(0.0284,-0.0284,0.001));
#3417=CARTESIAN_POINT('',(0.0284,-0.0284,0.));
#3418=CARTESIAN_POINT('',(0.,-0.0284,0.));
#3419=CARTESIAN_POINT('',(0.0299,-0.0284,0.));
#3420=CARTESIAN_POINT('',(0.0299,-0.0284,0.001));
#3421=CARTESIAN_POINT('',(3.46944695195361E-18,0.0284,0.001));
#3422=CARTESIAN_POINT('',(3.46944695195361E-18,0.0284,0.001));
#3423=CARTESIAN_POINT('',(-0.0284,0.0284,0.001));
#3424=CARTESIAN_POINT('',(-0.0299,0.0284,0.001));
#3425=CARTESIAN_POINT('',(-0.0284,0.0284,0.001));
#3426=CARTESIAN_POINT('',(-0.0284,0.0284,0.));
#3427=CARTESIAN_POINT('',(3.46944695195361E-18,0.0284,0.));
#3428=CARTESIAN_POINT('',(-0.0299,0.0284,0.));
#3429=CARTESIAN_POINT('',(-0.0299,0.0284,0.001));
#3430=CARTESIAN_POINT('',(0.,-0.0284,0.001));
#3431=CARTESIAN_POINT('',(-0.0284,-0.0284,0.001));
#3432=CARTESIAN_POINT('',(-0.0284,-0.0284,0.001));
#3433=CARTESIAN_POINT('',(-0.0284,-0.0284,0.));
#3434=CARTESIAN_POINT('',(0.,-0.0284,0.001));
#3435=CARTESIAN_POINT('',(-0.0299,-0.0284,0.001));
#3436=CARTESIAN_POINT('',(-0.0299,-0.0284,0.001));
#3437=CARTESIAN_POINT('',(-0.0299,-0.0284,0.));
#3438=CARTESIAN_POINT('',(0.,-0.0284,0.));
#3439=CARTESIAN_POINT('',(3.46944695195361E-18,3.46944695195361E-18,0.001));
#3440=CARTESIAN_POINT('',(0.0299,3.37782423315202E-18,0.001));
#3441=CARTESIAN_POINT('',(0.0284,0.0299,0.001));
#3442=CARTESIAN_POINT('',(0.0284,0.0299,0.001));
#3443=CARTESIAN_POINT('',(3.46944695195361E-18,0.0299,0.001));
#3444=CARTESIAN_POINT('',(-0.0284,0.0299,0.001));
#3445=CARTESIAN_POINT('',(-0.0284,0.0299,0.001));
#3446=CARTESIAN_POINT('',(-0.0299,9.1622718801592E-20,0.001));
#3447=CARTESIAN_POINT('',(-0.0284,-0.0299,0.001));
#3448=CARTESIAN_POINT('',(-0.0284,-0.0299,0.001));
#3449=CARTESIAN_POINT('',(0.,-0.0299,0.001));
#3450=CARTESIAN_POINT('',(0.0284,-0.0299,0.001));
#3451=CARTESIAN_POINT('',(0.0284,-0.0299,0.001));
#3452=CARTESIAN_POINT('',(3.46944695195361E-18,3.46944695195361E-18,0.));
#3453=CARTESIAN_POINT('',(0.0299,3.37782423315202E-18,0.));
#3454=CARTESIAN_POINT('',(0.0284,-0.0299,0.));
#3455=CARTESIAN_POINT('',(0.0284,-0.0299,0.));
#3456=CARTESIAN_POINT('',(0.,-0.0299,0.));
#3457=CARTESIAN_POINT('',(-0.0284,-0.0299,0.));
#3458=CARTESIAN_POINT('',(-0.0284,-0.0299,0.));
#3459=CARTESIAN_POINT('',(-0.0299,9.1622718801592E-20,0.));
#3460=CARTESIAN_POINT('',(-0.0284,0.0299,0.));
#3461=CARTESIAN_POINT('',(-0.0284,0.0299,0.));
#3462=CARTESIAN_POINT('',(3.46944695195361E-18,0.0299,0.));
#3463=CARTESIAN_POINT('',(0.0284,0.0299,0.));
#3464=CARTESIAN_POINT('',(0.0284,0.0299,0.));
#3465=CARTESIAN_POINT('',(0.0299,3.37782423315202E-18,0.001));
#3466=CARTESIAN_POINT('',(-0.0299,9.1622718801592E-20,0.001));
#3467=CARTESIAN_POINT('',(0.0284,-0.0299,0.001));
#3468=CARTESIAN_POINT('',(0.0284,-0.0299,0.001));
#3469=CARTESIAN_POINT('',(-0.0284,-0.0299,0.001));
#3470=CARTESIAN_POINT('',(-0.0284,-0.0299,0.001));
#3471=CARTESIAN_POINT('',(0.,-0.0299,0.0005));
#3472=CARTESIAN_POINT('',(0.0284,0.0299,0.001));
#3473=CARTESIAN_POINT('',(0.0284,0.0299,0.001));
#3474=CARTESIAN_POINT('',(-0.0284,0.0299,0.001));
#3475=CARTESIAN_POINT('',(-0.0284,0.0299,0.001));
#3476=CARTESIAN_POINT('',(6.93889390390723E-18,0.0299,0.0005));
#3477=CARTESIAN_POINT('',(0.055351602418758,-0.0681111233711243,0.0233703273057319));
#3478=CARTESIAN_POINT('',(-0.00309999970808818,-0.0684558576345444,0.0229490888565778));
#3479=CARTESIAN_POINT('',(0.,0.,0.));
#3480=CARTESIAN_POINT('',(0.0285,-0.01425,0.));
#3481=CARTESIAN_POINT('',(0.0285,0.,0.));
#3482=CARTESIAN_POINT('',(0.0285,-0.0285,0.));
#3483=CARTESIAN_POINT('',(0.,0.,0.));
#3484=CARTESIAN_POINT('',(0.0325,0.,0.));
#3485=CARTESIAN_POINT('',(0.0325,6.93889390390723E-18,0.));
#3486=CARTESIAN_POINT('',(0.0325,-0.0325,0.));
#3487=CARTESIAN_POINT('',(0.,-0.0325,0.));
#3488=CARTESIAN_POINT('',(-0.0325,-0.0325,0.));
#3489=CARTESIAN_POINT('',(-0.0325,-6.93889390390723E-18,0.));
#3490=CARTESIAN_POINT('',(-0.0325,0.,0.));
#3491=CARTESIAN_POINT('',(0.,0.,0.));
#3492=CARTESIAN_POINT('',(-0.0285,0.,0.));
#3493=CARTESIAN_POINT('',(-0.0285,-0.01425,0.));
#3494=CARTESIAN_POINT('',(-0.0285,-0.0285,0.));
#3495=CARTESIAN_POINT('',(-0.0275,-0.0285,0.));
#3496=CARTESIAN_POINT('',(0.,0.,0.));
#3497=CARTESIAN_POINT('',(0.0305003020228044,0.,0.00199969797719555));
#3498=CARTESIAN_POINT('',(0.0305003020228044,0.,0.00299969797719555));
#3499=CARTESIAN_POINT('',(0.0285,1.38777878078145E-17,0.00325));
#3500=CARTESIAN_POINT('',(0.0285,1.38777878078145E-17,0.004));
#3501=CARTESIAN_POINT('',(0.02925,1.38777878078145E-17,0.004));
#3502=CARTESIAN_POINT('',(0.03,0.,0.004));
#3503=CARTESIAN_POINT('',(0.03,0.,0.065));
#3504=CARTESIAN_POINT('',(0.03,2.43469961540604E-19,0.006));
#3505=CARTESIAN_POINT('',(0.0737,2.43469961540604E-19,0.006));
#3506=CARTESIAN_POINT('',(0.0325,2.43469961540604E-19,0.006));
#3507=CARTESIAN_POINT('',(0.0325,0.,0.0625));
#3508=CARTESIAN_POINT('',(0.,0.,0.0025));
#3509=CARTESIAN_POINT('',(0.,-0.0285,0.0025));
#3510=CARTESIAN_POINT('',(-0.0285,-0.0285,0.0025));
#3511=CARTESIAN_POINT('',(0.0285,-0.0285,0.0025));
#3512=CARTESIAN_POINT('',(-0.0285,0.,0.0025));
#3513=CARTESIAN_POINT('',(-0.0285,-0.03,0.0025));
#3514=CARTESIAN_POINT('',(0.,-0.03,0.0025));
#3515=CARTESIAN_POINT('',(0.0285,-0.03,0.0025));
#3516=CARTESIAN_POINT('',(0.0285,6.93889390390723E-18,0.0025));
#3517=CARTESIAN_POINT('',(-0.03,0.,0.065));
#3518=CARTESIAN_POINT('',(-0.03,0.,0.004));
#3519=CARTESIAN_POINT('',(-0.03,0.,0.004));
#3520=CARTESIAN_POINT('',(-0.03,-0.03,0.004));
#3521=CARTESIAN_POINT('',(-0.03,0.,0.065));
#3522=CARTESIAN_POINT('',(-0.03,2.43469961540604E-19,0.006));
#3523=CARTESIAN_POINT('',(-0.03,-7.18236386544783E-18,0.006));
#3524=CARTESIAN_POINT('',(-0.03,-0.0265,0.006));
#3525=CARTESIAN_POINT('',(-0.03,-0.0265,0.065));
#3526=CARTESIAN_POINT('',(-0.03,-0.0265,0.059));
#3527=CARTESIAN_POINT('',(-0.03,-1.46081976924362E-18,0.059));
#3528=CARTESIAN_POINT('',(-0.03,-4.86939923081209E-19,0.059));
#3529=CARTESIAN_POINT('',(-0.03,0.,0.065));
#3530=CARTESIAN_POINT('',(-0.03,0.,0.061));
#3531=CARTESIAN_POINT('',(-0.03,0.,0.061));
#3532=CARTESIAN_POINT('',(-0.03,-0.03,0.061));
#3533=CARTESIAN_POINT('',(-0.03,-0.03,0.065));
#3534=CARTESIAN_POINT('',(0.03,0.,0.065));
#3535=CARTESIAN_POINT('',(0.03,0.,0.004));
#3536=CARTESIAN_POINT('',(0.03,-0.03,0.004));
#3537=CARTESIAN_POINT('',(0.03,-0.03,0.065));
#3538=CARTESIAN_POINT('',(0.03,-0.03,0.061));
#3539=CARTESIAN_POINT('',(0.03,0.,0.061));
#3540=CARTESIAN_POINT('',(0.03,0.,0.061));
#3541=CARTESIAN_POINT('',(0.03,0.,0.065));
#3542=CARTESIAN_POINT('',(0.03,-4.86939923081209E-19,0.059));
#3543=CARTESIAN_POINT('',(0.03,-1.46081976924362E-18,0.059));
#3544=CARTESIAN_POINT('',(0.03,-0.0265,0.059));
#3545=CARTESIAN_POINT('',(0.03,-0.0265,0.065));
#3546=CARTESIAN_POINT('',(0.03,-0.0265,0.006));
#3547=CARTESIAN_POINT('',(0.03,-7.18236386544783E-18,0.006));
#3548=CARTESIAN_POINT('',(0.,0.,0.0625));
#3549=CARTESIAN_POINT('',(-0.0285,0.,0.0625));
#3550=CARTESIAN_POINT('',(-0.0285,0.,0.0625));
#3551=CARTESIAN_POINT('',(-0.0285,-0.03,0.0625));
#3552=CARTESIAN_POINT('',(0.,0.,0.0625));
#3553=CARTESIAN_POINT('',(-0.0265,-4.86939923081209E-19,0.0625));
#3554=CARTESIAN_POINT('',(-0.0265,2.9825070288724E-18,0.0625));
#3555=CARTESIAN_POINT('',(-0.0265,-0.0265,0.0625));
#3556=CARTESIAN_POINT('',(-6.93889390390723E-18,-0.0265,0.0625));
#3557=CARTESIAN_POINT('',(0.0265,-0.0265,0.0625));
#3558=CARTESIAN_POINT('',(0.0265,-2.9825070288724E-18,0.0625));
#3559=CARTESIAN_POINT('',(0.0265,4.86939923081209E-19,0.0625));
#3560=CARTESIAN_POINT('',(0.,0.,0.0625));
#3561=CARTESIAN_POINT('',(0.0285,6.93889390390723E-18,0.0625));
#3562=CARTESIAN_POINT('',(0.0285,6.93889390390723E-18,0.0625));
#3563=CARTESIAN_POINT('',(0.0285,-0.03,0.0625));
#3564=CARTESIAN_POINT('',(0.,-0.03,0.0625));
#3565=CARTESIAN_POINT('',(-0.0265,0.0639,0.0325));
#3566=CARTESIAN_POINT('',(-0.0265,0.0639,0.006));
#3567=CARTESIAN_POINT('',(-0.0265,-0.03,0.006));
#3568=CARTESIAN_POINT('',(-0.0265,-0.0325,0.006));
#3569=CARTESIAN_POINT('',(-0.0265,-0.03,0.065));
#3570=CARTESIAN_POINT('',(-0.0265,-0.03,0.059));
#3571=CARTESIAN_POINT('',(-0.0265,0.0639,0.059));
#3572=CARTESIAN_POINT('',(-0.0265,-0.0325,0.059));
#3573=CARTESIAN_POINT('',(-0.0265,-0.0325,0.0325));
#3574=CARTESIAN_POINT('',(-0.0265,-0.03,0.065));
#3575=CARTESIAN_POINT('',(7.18236386544783E-18,-0.03,0.006));
#3576=CARTESIAN_POINT('',(0.0265,-0.03,0.006));
#3577=CARTESIAN_POINT('',(0.0265,-0.03,0.065));
#3578=CARTESIAN_POINT('',(0.0265,-0.03,0.059));
#3579=CARTESIAN_POINT('',(1.46081976924363E-18,-0.03,0.059));
#3580=CARTESIAN_POINT('',(0.02925,-0.03,0.004));
#3581=CARTESIAN_POINT('',(0.0285,-0.03,0.004));
#3582=CARTESIAN_POINT('',(0.0285,-0.03,0.00325));
#3583=CARTESIAN_POINT('',(-0.0285,-0.03,0.00325));
#3584=CARTESIAN_POINT('',(-0.0285,-0.03,0.004));
#3585=CARTESIAN_POINT('',(-0.02925,-0.03,0.004));
#3586=CARTESIAN_POINT('',(-0.02925,-0.03,0.061));
#3587=CARTESIAN_POINT('',(-0.0285,-0.03,0.061));
#3588=CARTESIAN_POINT('',(-0.0285,-0.03,0.06175));
#3589=CARTESIAN_POINT('',(0.0285,-0.03,0.06175));
#3590=CARTESIAN_POINT('',(0.0285,-0.03,0.061));
#3591=CARTESIAN_POINT('',(0.02925,-0.03,0.061));
#3592=CARTESIAN_POINT('',(-0.0265,-0.0325,0.0325));
#3593=CARTESIAN_POINT('',(-3.71291691349422E-18,-0.0325,0.006));
#3594=CARTESIAN_POINT('',(0.0265,-0.0325,0.006));
#3595=CARTESIAN_POINT('',(4.86939923081209E-19,-0.0325,0.059));
#3596=CARTESIAN_POINT('',(0.0265,-0.0325,0.059));
#3597=CARTESIAN_POINT('',(0.0265,-0.0325,0.0325));
#3598=CARTESIAN_POINT('',(0.,-0.0325,0.065));
#3599=CARTESIAN_POINT('',(0.0325,-0.0325,0.065));
#3600=CARTESIAN_POINT('',(-0.0325,-0.0325,0.065));
#3601=CARTESIAN_POINT('',(-0.0325,-0.0325,0.0625));
#3602=CARTESIAN_POINT('',(0.0325,-0.0325,0.0625));
#3603=CARTESIAN_POINT('',(-2.42947437546221E-17,0.0639,0.006));
#3604=CARTESIAN_POINT('',(0.0265,0.0639,0.006));
#3605=CARTESIAN_POINT('',(-2.00948869180467E-17,0.0639,0.059));
#3606=CARTESIAN_POINT('',(0.0265,0.0639,0.059));
#3607=CARTESIAN_POINT('',(-0.0265,2.9825070288724E-18,0.0625));
#3608=CARTESIAN_POINT('',(-0.0265,-0.0265,0.0625));
#3609=CARTESIAN_POINT('',(-0.0265,-0.0265,0.065));
#3610=CARTESIAN_POINT('',(-0.0265,-4.86939923081209E-19,0.0625));
#3611=CARTESIAN_POINT('',(-0.0265,-4.86939923081209E-19,0.065));
#3612=CARTESIAN_POINT('',(-0.0265,2.9825070288724E-18,0.065));
#3613=CARTESIAN_POINT('',(0.0265,-2.9825070288724E-18,0.0625));
#3614=CARTESIAN_POINT('',(0.0265,-0.0265,0.0625));
#3615=CARTESIAN_POINT('',(0.0265,-0.0265,0.065));
#3616=CARTESIAN_POINT('',(0.0265,-2.9825070288724E-18,0.065));
#3617=CARTESIAN_POINT('',(0.0265,4.86939923081209E-19,0.065));
#3618=CARTESIAN_POINT('',(0.0265,4.86939923081209E-19,0.0625));
#3619=CARTESIAN_POINT('',(0.,0.,0.065));
#3620=CARTESIAN_POINT('',(-6.93889390390723E-18,-0.0265,0.065));
#3621=CARTESIAN_POINT('',(0.,0.,0.065));
#3622=CARTESIAN_POINT('',(-0.0325,0.,0.065));
#3623=CARTESIAN_POINT('',(-0.0325,0.,0.065));
#3624=CARTESIAN_POINT('',(0.0325,0.,0.065));
#3625=CARTESIAN_POINT('',(0.0325,0.,0.065));
#3626=CARTESIAN_POINT('',(0.,0.,0.065));
#3627=CARTESIAN_POINT('',(-0.0325,0.,0.0625));
#3628=CARTESIAN_POINT('',(-0.0325,-0.0265,0.0325));
#3629=CARTESIAN_POINT('',(-0.0325,-0.0265,0.006));
#3630=CARTESIAN_POINT('',(-0.0325,-0.0265,0.059));
#3631=CARTESIAN_POINT('',(-0.0325,-3.22597699041301E-18,0.006));
#3632=CARTESIAN_POINT('',(-0.0325,2.43469961540604E-19,0.006));
#3633=CARTESIAN_POINT('',(-0.0325,0.,0.0625));
#3634=CARTESIAN_POINT('',(-0.0325,0.,0.0625));
#3635=CARTESIAN_POINT('',(-0.0325,-4.86939923081209E-19,0.059));
#3636=CARTESIAN_POINT('',(-0.0325,-7.42583382698844E-18,0.059));
#3637=CARTESIAN_POINT('',(0.0325,0.,0.0625));
#3638=CARTESIAN_POINT('',(0.0325,-0.0265,0.0025));
#3639=CARTESIAN_POINT('',(0.0325,-0.0265,0.059));
#3640=CARTESIAN_POINT('',(0.0325,-0.0265,0.006));
#3641=CARTESIAN_POINT('',(0.0325,2.06949467309514E-17,0.059));
#3642=CARTESIAN_POINT('',(0.0325,-4.86939923081209E-19,0.059));
#3643=CARTESIAN_POINT('',(0.0325,0.,0.0625));
#3644=CARTESIAN_POINT('',(0.0325,7.36496633660329E-18,0.006));
#3645=CARTESIAN_POINT('',(0.,0.,0.));
#3646=CARTESIAN_POINT('',(0.0305003020228044,0.,0.0630003020228045));
#3647=CARTESIAN_POINT('',(0.0305003020228044,0.,0.0640003020228045));
#3648=CARTESIAN_POINT('',(0.02925,1.38777878078145E-17,0.061));
#3649=CARTESIAN_POINT('',(0.0285,1.38777878078145E-17,0.061));
#3650=CARTESIAN_POINT('',(0.0285,1.38777878078145E-17,0.06175));
#3651=CARTESIAN_POINT('',(0.0737,-4.86939923081209E-19,0.059));
#3652=CARTESIAN_POINT('',(0.,0.,0.));
#3653=CARTESIAN_POINT('',(-0.0305,0.,0.002));
#3654=CARTESIAN_POINT('',(-0.0305,0.,0.003));
#3655=CARTESIAN_POINT('',(-0.0285,0.,0.00325));
#3656=CARTESIAN_POINT('',(-0.0285,0.,0.004));
#3657=CARTESIAN_POINT('',(0.0737,2.43469961540604E-19,0.006));
#3658=CARTESIAN_POINT('',(-0.02925,0.,0.004));
#3659=CARTESIAN_POINT('',(0.,0.,0.));
#3660=CARTESIAN_POINT('',(-0.0305003020228044,0.,0.0630003020228044));
#3661=CARTESIAN_POINT('',(-0.0305003020228044,0.,0.0640003020228044));
#3662=CARTESIAN_POINT('',(-0.02925,0.,0.061));
#3663=CARTESIAN_POINT('',(-0.0285,0.,0.061));
#3664=CARTESIAN_POINT('',(0.0737,-4.86939923081209E-19,0.059));
#3665=CARTESIAN_POINT('',(-0.0285,0.,0.06175));
#3666=CARTESIAN_POINT('',(0.0737,-3.22597699041301E-18,0.006));
#3667=CARTESIAN_POINT('',(0.0737,-0.0265,0.006));
#3668=CARTESIAN_POINT('',(0.0737,-7.42583382698844E-18,0.059));
#3669=CARTESIAN_POINT('',(0.0737,-0.0265,0.059));
#3670=CARTESIAN_POINT('',(0.0737,-7.42583382698844E-18,0.059));
#3671=CARTESIAN_POINT('',(0.0737,-0.0265,0.059));
#3672=CARTESIAN_POINT('',(0.0737,-3.22597699041301E-18,0.006));
#3673=CARTESIAN_POINT('',(0.0737,-0.0265,0.006));
#3674=CARTESIAN_POINT('',(0.0737,-0.0265,0.0325));
#3675=CARTESIAN_POINT('',(-6.93889390390723E-18,-0.0265,0.0625));
#3676=CARTESIAN_POINT('',(0.0737,-0.0265,0.0325));
#3677=CARTESIAN_POINT('',(0.0265,0.0639,0.0325));
#3678=CARTESIAN_POINT('',(0.02925,1.38777878078145E-17,0.061));
#3679=CARTESIAN_POINT('',(0.0285,1.38777878078145E-17,0.061));
#3680=CARTESIAN_POINT('',(0.0285,1.38777878078145E-17,0.06175));
#3681=CARTESIAN_POINT('',(-0.02925,0.,0.061));
#3682=CARTESIAN_POINT('',(-0.0285,0.,0.061));
#3683=CARTESIAN_POINT('',(-0.0285,0.,0.06175));
#3684=CARTESIAN_POINT('',(0.02925,1.38777878078145E-17,0.004));
#3685=CARTESIAN_POINT('',(0.0285,1.38777878078145E-17,0.004));
#3686=CARTESIAN_POINT('',(0.0285,1.38777878078145E-17,0.00325));
#3687=CARTESIAN_POINT('',(0.0285,-0.0285,0.025));
#3688=CARTESIAN_POINT('',(-0.02925,0.,0.004));
#3689=CARTESIAN_POINT('',(-0.0285,0.,0.004));
#3690=CARTESIAN_POINT('',(-0.0285,0.,0.00325));
#3691=CARTESIAN_POINT('',(-0.0285,-0.0285,0.025));
#3692=CARTESIAN_POINT('',(-0.0305,-0.005,0.002));
#3693=CARTESIAN_POINT('',(-0.0305,-0.005,0.002));
#3694=CARTESIAN_POINT('',(-0.0305,-0.005,0.003));
#3695=CARTESIAN_POINT('',(-0.0295,-0.005,0.003));
#3696=CARTESIAN_POINT('',(-0.0305003020228044,-0.005,0.0630003020228044));
#3697=CARTESIAN_POINT('',(-0.0305003020228044,-0.005,0.0630003020228044));
#3698=CARTESIAN_POINT('',(-0.0305003020228044,-0.005,0.0640003020228044));
#3699=CARTESIAN_POINT('',(0.,-0.005,0.0325));
#3700=CARTESIAN_POINT('',(0.0305003020228044,-0.005,0.00199969797719555));
#3701=CARTESIAN_POINT('',(0.0305003020228044,-0.005,0.00199969797719555));
#3702=CARTESIAN_POINT('',(0.0305003020228044,-0.005,0.00299969797719555));
#3703=CARTESIAN_POINT('',(0.,-0.005,0.0325));
#3704=CARTESIAN_POINT('',(0.0305003020228044,-0.005,0.0630003020228045));
#3705=CARTESIAN_POINT('',(0.0305003020228044,-0.005,0.0630003020228045));
#3706=CARTESIAN_POINT('',(0.0305003020228044,-0.005,0.0640003020228045));
#3707=CARTESIAN_POINT('',(0.,-0.005,0.0325));
#3708=CARTESIAN_POINT('',(-0.0275,-0.0285,0.025));
#3709=CARTESIAN_POINT('',(0.0257551930844784,-0.067934650695324,-0.00903263415396214));
#3710=CARTESIAN_POINT('',(0.0549373850226402,-0.0682999998016967,0.0526193187355995));
#3711=CARTESIAN_POINT('',(0.0544900408685207,-0.0679000002803837,-0.00563959470689297));
#3712=MECHANICAL_DESIGN_GEOMETRIC_PRESENTATION_REPRESENTATION('',(#2268,
#2269,#2270,#2271,#2272,#2273),#3713);
#3713=(
GEOMETRIC_REPRESENTATION_CONTEXT(3)
GLOBAL_UNCERTAINTY_ASSIGNED_CONTEXT((#3720))
GLOBAL_UNIT_ASSIGNED_CONTEXT((#3729,#3728,#3727))
REPRESENTATION_CONTEXT('Assembly 1','TOP_LEVEL_ASSEMBLY_PART')
);
#3714=(
GEOMETRIC_REPRESENTATION_CONTEXT(3)
GLOBAL_UNCERTAINTY_ASSIGNED_CONTEXT((#3721))
GLOBAL_UNIT_ASSIGNED_CONTEXT((#3729,#3728,#3727))
REPRESENTATION_CONTEXT('Part 1','COMPONENT_PART')
);
#3715=(
GEOMETRIC_REPRESENTATION_CONTEXT(3)
GLOBAL_UNCERTAINTY_ASSIGNED_CONTEXT((#3722))
GLOBAL_UNIT_ASSIGNED_CONTEXT((#3729,#3728,#3727))
REPRESENTATION_CONTEXT('Part 1','COMPONENT_PART')
);
#3716=(
GEOMETRIC_REPRESENTATION_CONTEXT(3)
GLOBAL_UNCERTAINTY_ASSIGNED_CONTEXT((#3723))
GLOBAL_UNIT_ASSIGNED_CONTEXT((#3729,#3728,#3727))
REPRESENTATION_CONTEXT('Part 1','COMPONENT_PART')
);
#3717=(
GEOMETRIC_REPRESENTATION_CONTEXT(3)
GLOBAL_UNCERTAINTY_ASSIGNED_CONTEXT((#3724))
GLOBAL_UNIT_ASSIGNED_CONTEXT((#3729,#3728,#3727))
REPRESENTATION_CONTEXT('Part 2','COMPONENT_PART')
);
#3718=(
GEOMETRIC_REPRESENTATION_CONTEXT(3)
GLOBAL_UNCERTAINTY_ASSIGNED_CONTEXT((#3725))
GLOBAL_UNIT_ASSIGNED_CONTEXT((#3729,#3728,#3727))
REPRESENTATION_CONTEXT('Part 1','COMPONENT_PART')
);
#3719=(
GEOMETRIC_REPRESENTATION_CONTEXT(3)
GLOBAL_UNCERTAINTY_ASSIGNED_CONTEXT((#3726))
GLOBAL_UNIT_ASSIGNED_CONTEXT((#3729,#3728,#3727))
REPRESENTATION_CONTEXT('Part 1','COMPONENT_PART')
);
#3720=UNCERTAINTY_MEASURE_WITH_UNIT(LENGTH_MEASURE(1.E-8),#3729,
'DISTANCE_ACCURACY_VALUE','Maximum Tolerance applied to model');
#3721=UNCERTAINTY_MEASURE_WITH_UNIT(LENGTH_MEASURE(1.E-8),#3729,
'DISTANCE_ACCURACY_VALUE','Maximum Tolerance applied to model');
#3722=UNCERTAINTY_MEASURE_WITH_UNIT(LENGTH_MEASURE(1.E-8),#3729,
'DISTANCE_ACCURACY_VALUE','Maximum Tolerance applied to model');
#3723=UNCERTAINTY_MEASURE_WITH_UNIT(LENGTH_MEASURE(1.E-8),#3729,
'DISTANCE_ACCURACY_VALUE','Maximum Tolerance applied to model');
#3724=UNCERTAINTY_MEASURE_WITH_UNIT(LENGTH_MEASURE(1.E-8),#3729,
'DISTANCE_ACCURACY_VALUE','Maximum Tolerance applied to model');
#3725=UNCERTAINTY_MEASURE_WITH_UNIT(LENGTH_MEASURE(1.E-8),#3729,
'DISTANCE_ACCURACY_VALUE','Maximum Tolerance applied to model');
#3726=UNCERTAINTY_MEASURE_WITH_UNIT(LENGTH_MEASURE(1.E-8),#3729,
'DISTANCE_ACCURACY_VALUE','Maximum Tolerance applied to model');
#3727=(
NAMED_UNIT(*)
SI_UNIT($,.STERADIAN.)
SOLID_ANGLE_UNIT()
);
#3728=(
NAMED_UNIT(*)
PLANE_ANGLE_UNIT()
SI_UNIT($,.RADIAN.)
);
#3729=(
LENGTH_UNIT()
NAMED_UNIT(*)
SI_UNIT($,.METRE.)
);
#3730=PRODUCT_DEFINITION_SHAPE('','',#3748);
#3731=PRODUCT_DEFINITION_SHAPE('','',#3749);
#3732=PRODUCT_DEFINITION_SHAPE(' ','NAUO PRDDFN',#549);
#3733=PRODUCT_DEFINITION_SHAPE('','',#3750);
#3734=PRODUCT_DEFINITION_SHAPE(' ','NAUO PRDDFN',#550);
#3735=PRODUCT_DEFINITION_SHAPE(' ','NAUO PRDDFN',#551);
#3736=PRODUCT_DEFINITION_SHAPE('','',#3751);
#3737=PRODUCT_DEFINITION_SHAPE(' ','NAUO PRDDFN',#552);
#3738=PRODUCT_DEFINITION_SHAPE('','',#3752);
#3739=PRODUCT_DEFINITION_SHAPE(' ','NAUO PRDDFN',#553);
#3740=PRODUCT_DEFINITION_SHAPE(' ','NAUO PRDDFN',#554);
#3741=PRODUCT_DEFINITION_SHAPE('','',#3753);
#3742=PRODUCT_DEFINITION_SHAPE(' ','NAUO PRDDFN',#555);
#3743=PRODUCT_DEFINITION_SHAPE(' ','NAUO PRDDFN',#556);
#3744=PRODUCT_DEFINITION_SHAPE('','',#3754);
#3745=PRODUCT_DEFINITION_SHAPE(' ','NAUO PRDDFN',#557);
#3746=PRODUCT_DEFINITION_SHAPE(' ','NAUO PRDDFN',#558);
#3747=PRODUCT_DEFINITION_SHAPE(' ','NAUO PRDDFN',#559);
#3748=PRODUCT_DEFINITION('','',#3762,#3755);
#3749=PRODUCT_DEFINITION('','',#3763,#3756);
#3750=PRODUCT_DEFINITION('','',#3764,#3757);
#3751=PRODUCT_DEFINITION('','',#3765,#3758);
#3752=PRODUCT_DEFINITION('','',#3766,#3759);
#3753=PRODUCT_DEFINITION('','',#3767,#3760);
#3754=PRODUCT_DEFINITION('','',#3768,#3761);
#3755=PRODUCT_DEFINITION_CONTEXT('',#3798,'design');
#3756=PRODUCT_DEFINITION_CONTEXT('',#3798,'design');
#3757=PRODUCT_DEFINITION_CONTEXT('',#3798,'design');
#3758=PRODUCT_DEFINITION_CONTEXT('',#3798,'design');
#3759=PRODUCT_DEFINITION_CONTEXT('',#3798,'design');
#3760=PRODUCT_DEFINITION_CONTEXT('',#3798,'design');
#3761=PRODUCT_DEFINITION_CONTEXT('',#3798,'design');
#3762=PRODUCT_DEFINITION_FORMATION_WITH_SPECIFIED_SOURCE('','',#3776,
 .NOT_KNOWN.);
#3763=PRODUCT_DEFINITION_FORMATION_WITH_SPECIFIED_SOURCE('','',#3777,
 .NOT_KNOWN.);
#3764=PRODUCT_DEFINITION_FORMATION_WITH_SPECIFIED_SOURCE('','',#3778,
 .NOT_KNOWN.);
#3765=PRODUCT_DEFINITION_FORMATION_WITH_SPECIFIED_SOURCE('','',#3779,
 .NOT_KNOWN.);
#3766=PRODUCT_DEFINITION_FORMATION_WITH_SPECIFIED_SOURCE('','',#3780,
 .NOT_KNOWN.);
#3767=PRODUCT_DEFINITION_FORMATION_WITH_SPECIFIED_SOURCE('','',#3781,
 .NOT_KNOWN.);
#3768=PRODUCT_DEFINITION_FORMATION_WITH_SPECIFIED_SOURCE('','',#3782,
 .NOT_KNOWN.);
#3769=PRODUCT_RELATED_PRODUCT_CATEGORY('','',(#3776));
#3770=PRODUCT_RELATED_PRODUCT_CATEGORY('','',(#3777));
#3771=PRODUCT_RELATED_PRODUCT_CATEGORY('','',(#3778));
#3772=PRODUCT_RELATED_PRODUCT_CATEGORY('','',(#3779));
#3773=PRODUCT_RELATED_PRODUCT_CATEGORY('','',(#3780));
#3774=PRODUCT_RELATED_PRODUCT_CATEGORY('','',(#3781));
#3775=PRODUCT_RELATED_PRODUCT_CATEGORY('','',(#3782));
#3776=PRODUCT('Assembly 1','Assembly 1','Assembly 1',(#3790));
#3777=PRODUCT('Part 1','Part 1','Part 1',(#3791));
#3778=PRODUCT('Part 1','Part 1','Part 1',(#3792));
#3779=PRODUCT('Part 1','Part 1','Part 1',(#3793));
#3780=PRODUCT('Part 2','Part 2','Part 2',(#3794));
#3781=PRODUCT('Part 1','Part 1','Part 1',(#3795));
#3782=PRODUCT('Part 1','Part 1','Part 1',(#3796));
#3783=PRODUCT_CATEGORY('','');
#3784=PRODUCT_CATEGORY('','');
#3785=PRODUCT_CATEGORY('','');
#3786=PRODUCT_CATEGORY('','');
#3787=PRODUCT_CATEGORY('','');
#3788=PRODUCT_CATEGORY('','');
#3789=PRODUCT_CATEGORY('','');
#3790=PRODUCT_CONTEXT('',#3798,'mechanical');
#3791=PRODUCT_CONTEXT('',#3798,'mechanical');
#3792=PRODUCT_CONTEXT('',#3798,'mechanical');
#3793=PRODUCT_CONTEXT('',#3798,'mechanical');
#3794=PRODUCT_CONTEXT('',#3798,'mechanical');
#3795=PRODUCT_CONTEXT('',#3798,'mechanical');
#3796=PRODUCT_CONTEXT('',#3798,'mechanical');
#3797=APPLICATION_PROTOCOL_DEFINITION('international standard',
'ap242_managed_model_based_3d_engineering',2020,#3798);
#3798=APPLICATION_CONTEXT('managed model based 3d engineering');
ENDSEC;
END-ISO-10303-21;
